Latency_ns,Count
231,303
232,26506
233,255404
234,845874
235,1811076
236,2071618
237,1693285
238,1464911
239,1339658
240,1513664
241,1780575
242,1390378
243,978404
244,852272
245,672415
246,582410
247,598181
248,547266
249,1153804
250,4018127
251,6159870
252,7507422
253,7553506
254,4917573
255,4052896
256,4077230
257,3089976
258,2677118
259,2130590
260,1410321
261,1222832
262,1102870
263,915222
264,1055142
265,1122582
266,1003865
267,1009844
268,993987
269,1066229
270,1360561
271,1256720
272,1020020
273,949364
274,737668
275,648202
276,707853
277,542889
278,455415
279,461210
280,348514
281,366163
282,664527
283,904208
284,1175089
285,1349788
286,1014721
287,919351
288,889147
289,670658
290,626158
291,579146
292,463194
293,482188
294,485984
295,398223
296,390318
297,358167
298,326226
299,369582
300,348708
301,302245
302,318778
303,297307
304,295014
305,348944
306,310070
307,286355
308,323244
309,262809
310,241064
311,264416
312,215322
313,209416
314,238120
315,205947
316,213954
317,237295
318,192599
319,190224
320,196521
321,165721
322,171185
323,178100
324,155489
325,167213
326,167669
327,147447
328,156374
329,147800
330,129518
331,138394
332,127030
333,115485
334,128853
335,118385
336,110091
337,122762
338,108350
339,99979
340,105162
341,86621
342,83247
343,123618
344,166069
345,205748
346,274264
347,287895
348,333495
349,470459
350,477891
351,427406
352,370146
353,268405
354,248608
355,227420
356,170219
357,178218
358,166978
359,147134
360,154455
361,134084
362,118756
363,123149
364,116023
365,108204
366,108384
367,98629
368,90262
369,96498
370,82531
371,82021
372,93040
373,75808
374,72133
375,80259
376,64917
377,64931
378,70384
379,58926
380,61573
381,69653
382,61341
383,64918
384,67949
385,58562
386,62865
387,64360
388,56745
389,59959
390,59801
391,54459
392,57551
393,56737
394,52693
395,61800
396,57641
397,53431
398,67925
399,69666
400,70246
401,89984
402,84639
403,85635
404,115457
405,98828
406,91945
407,100397
408,74225
409,71272
410,72839
411,57622
412,56892
413,59463
414,50899
415,51900
416,53142
417,47280
418,46798
419,48265
420,40640
421,43961
422,43199
423,38120
424,41483
425,39091
426,35541
427,39586
428,36334
429,34089
430,38486
431,33206
432,30818
433,35066
434,29387
435,28356
436,33316
437,28115
438,27291
439,30824
440,25461
441,25677
442,28709
443,25323
444,24482
445,26194
446,22298
447,23085
448,23566
449,20609
450,22321
451,22127
452,19694
453,21654
454,21170
455,19147
456,20933
457,19538
458,17885
459,20210
460,18182
461,16650
462,18742
463,16816
464,16106
465,18901
466,16198
467,15954
468,19063
469,16376
470,15616
471,18684
472,15545
473,15802
474,17340
475,14469
476,14875
477,15662
478,13233
479,14111
480,14300
481,12705
482,13810
483,14005
484,12622
485,13932
486,13483
487,12552
488,14085
489,13166
490,12119
491,13694
492,12282
493,11162
494,12937
495,11735
496,10263
497,12678
498,10232
499,10223
500,11858
501,9784
502,9831
503,11222
504,9131
505,9586
506,10489
507,8813
508,9106
509,10081
510,8653
511,9116
512,9330
513,8078
514,8689
515,8856
516,7793
517,8673
518,8021
519,7445
520,8078
521,7952
522,6840
523,8241
524,7300
525,6770
526,7644
527,6763
528,6314
529,7479
530,6167
531,6239
532,7132
533,6015
534,6113
535,6710
536,5678
537,5989
538,6397
539,5505
540,5652
541,6039
542,5278
543,5763
544,5687
545,5102
546,5390
547,5752
548,4649
549,5293
550,5107
551,4506
552,5253
553,4695
554,4369
555,5039
556,4352
557,4284
558,4879
559,4159
560,3998
561,4753
562,3936
563,4032
564,4555
565,3809
566,3902
567,4377
568,3684
569,3780
570,4026
571,3541
572,3675
573,3990
574,3291
575,3599
576,3650
577,3206
578,3537
579,3445
580,3056
581,3488
582,3229
583,2950
584,3289
585,3180
586,2930
587,3361
588,2995
589,2842
590,3311
591,2966
592,2704
593,3276
594,2714
595,2688
596,3087
597,2600
598,2660
599,3130
600,2473
601,2702
602,2696
603,2340
604,2646
605,2649
606,2408
607,2523
608,2466
609,2295
610,2433
611,2438
612,2188
613,2495
614,2374
615,2243
616,2412
617,2208
618,2018
619,2468
620,2163
621,2075
622,2388
623,2021
624,1994
625,2481
626,1892
627,2029
628,2307
629,1938
630,1881
631,2151
632,1867
633,2003
634,2030
635,1773
636,1899
637,1878
638,1736
639,1821
640,1845
641,1689
642,1811
643,1768
644,1614
645,1853
646,1665
647,1548
648,1891
649,1582
650,1511
651,1877
652,1492
653,1392
654,1726
655,1440
656,1425
657,1791
658,1407
659,1436
660,1557
661,1429
662,1396
663,1551
664,1355
665,1455
666,1440
667,1391
668,1444
669,1477
670,1307
671,1458
672,1382
673,1341
674,1400
675,1418
676,1234
677,1487
678,1226
679,1231
680,1429
681,1249
682,1149
683,1374
684,1102
685,1151
686,1325
687,1101
688,1160
689,1307
690,1085
691,1153
692,1195
693,1078
694,1062
695,1226
696,1052
697,1085
698,1143
699,1025
700,1109
701,1091
702,945
703,1199
704,1083
705,939
706,1107
707,1119
708,1006
709,1057
710,1082
711,925
712,1049
713,1041
714,935
715,1120
716,941
717,894
718,1132
719,961
720,901
721,1036
722,950
723,903
724,1037
725,865
726,918
727,981
728,816
729,999
730,967
731,871
732,921
733,965
734,793
735,895
736,914
737,785
738,893
739,858
740,813
741,896
742,759
743,783
744,838
745,751
746,795
747,886
748,728
749,764
750,833
751,732
752,729
753,855
754,716
755,746
756,809
757,649
758,718
759,810
760,663
761,745
762,730
763,634
764,747
765,763
766,705
767,707
768,699
769,637
770,757
771,741
772,609
773,762
774,628
775,584
776,726
777,653
778,638
779,753
780,570
781,644
782,709
783,555
784,610
785,706
786,618
787,636
788,684
789,598
790,636
791,674
792,546
793,601
794,650
795,588
796,651
797,561
798,554
799,634
800,618
801,536
802,618
803,574
804,524
805,611
806,563
807,584
808,626
809,553
810,515
811,595
812,536
813,542
814,621
815,483
816,524
817,652
818,532
819,513
820,599
821,502
822,550
823,587
824,499
825,577
826,531
827,484
828,564
829,542
830,519
831,552
832,534
833,527
834,571
835,516
836,484
837,569
838,466
839,475
840,618
841,503
842,464
843,599
844,458
845,500
846,589
847,476
848,495
849,597
850,523
851,541
852,515
853,489
854,475
855,515
856,473
857,537
858,530
859,530
860,537
861,514
862,462
863,521
864,496
865,466
866,539
867,513
868,467
869,571
870,480
871,501
872,558
873,507
874,501
875,620
876,467
877,506
878,570
879,509
880,515
881,547
882,507
883,565
884,550
885,503
886,565
887,604
888,542
889,612
890,554
891,525
892,611
893,551
894,535
895,616
896,591
897,559
898,639
899,563
900,565
901,704
902,573
903,569
904,671
905,617
906,622
907,724
908,599
909,610
910,695
911,644
912,650
913,698
914,656
915,708
916,719
917,679
918,733
919,789
920,692
921,798
922,777
923,729
924,762
925,795
926,754
927,845
928,777
929,792
930,905
931,850
932,768
933,930
934,855
935,808
936,1016
937,849
938,858
939,1075
940,945
941,966
942,1101
943,936
944,999
945,1067
946,1017
947,1089
948,1097
949,1028
950,1179
951,1166
952,1118
953,1249
954,1237
955,1142
956,1258
957,1271
958,1148
959,1456
960,1243
961,1264
962,1447
963,1321
964,1232
965,1551
966,1346
967,1380
968,1712
969,1435
970,1428
971,1741
972,1463
973,1511
974,1741
975,1554
976,1634
977,1780
978,1560
979,1790
980,1782
981,1671
982,1854
983,1871
984,1768
985,1970
986,1962
987,1779
988,2115
989,1999
990,1915
991,2165
992,1955
993,2045
994,2222
995,1953
996,1972
997,2386
998,2079
999,2116
1000,2516
1001,2119
1002,2143
1003,2515
1004,2173
1005,2301
1006,2567
1007,2185
1008,2478
1009,2578
1010,2343
1011,2440
1012,2701
1013,2371
1014,2634
1015,2612
1016,2427
1017,2665
1018,2615
1019,2519
1020,2849
1021,2644
1022,2470
1023,2917
1024,2716
1025,2514
1026,3066
1027,2750
1028,2761
1029,3149
1030,2727
1031,2756
1032,3158
1033,2707
1034,3015
1035,3266
1036,2909
1037,2991
1038,3325
1039,2904
1040,3087
1041,3292
1042,2854
1043,3205
1044,3249
1045,2950
1046,3432
1047,3290
1048,3108
1049,3532
1050,3404
1051,3048
1052,3494
1053,3349
1054,3113
1055,3686
1056,3294
1057,3134
1058,3888
1059,3308
1060,3223
1061,3958
1062,3199
1063,3308
1064,3809
1065,3294
1066,3455
1067,3837
1068,3369
1069,3528
1070,3983
1071,3441
1072,3655
1073,3861
1074,3406
1075,3726
1076,3963
1077,3404
1078,3907
1079,3819
1080,3495
1081,3868
1082,3975
1083,3529
1084,4175
1085,3744
1086,3547
1087,4182
1088,3819
1089,3682
1090,4287
1091,3777
1092,3781
1093,4491
1094,3688
1095,3798
1096,4479
1097,3790
1098,3970
1099,4514
1100,3880
1101,4011
1102,4491
1103,3805
1104,4211
1105,4431
1106,3937
1107,4182
1108,4435
1109,3845
1110,4467
1111,4265
1112,4052
1113,4485
1114,4418
1115,3900
1116,4563
1117,4088
1118,4014
1119,4620
1120,4081
1121,3983
1122,4869
1123,4176
1124,4005
1125,4725
1126,4017
1127,4170
1128,4718
1129,4012
1130,4235
1131,4550
1132,3984
1133,4096
1134,4634
1135,3874
1136,4480
1137,4316
1138,4007
1139,4219
1140,4424
1141,3904
1142,4473
1143,4144
1144,3847
1145,4344
1146,4280
1147,3850
1148,4507
1149,3870
1150,3855
1151,4436
1152,3751
1153,3664
1154,4621
1155,3703
1156,3989
1157,4278
1158,3754
1159,3812
1160,4395
1161,3720
1162,3957
1163,4297
1164,3743
1165,3978
1166,4110
1167,3660
1168,3936
1169,4059
1170,3658
1171,3794
1172,4036
1173,3468
1174,4143
1175,3785
1176,3441
1177,3999
1178,3692
1179,3410
1180,4002
1181,3432
1182,3435
1183,4036
1184,3354
1185,3263
1186,4075
1187,3136
1188,3432
1189,3832
1190,3313
1191,3236
1192,3739
1193,3091
1194,3399
1195,3551
1196,3166
1197,3273
1198,3566
1199,3052
1200,3336
1201,3342
1202,3056
1203,3261
1204,3190
1205,2977
1206,3363
1207,3011
1208,2879
1209,3313
1210,2967
1211,2739
1212,3222
1213,2812
1214,2883
1215,3205
1216,2707
1217,2758
1218,3193
1219,2655
1220,2738
1221,2975
1222,2596
1223,2768
1224,2960
1225,2513
1226,2779
1227,2907
1228,2604
1229,2671
1230,2961
1231,2485
1232,2713
1233,2683
1234,2405
1235,2671
1236,2662
1237,2364
1238,2837
1239,2451
1240,2376
1241,2643
1242,2362
1243,2233
1244,2626
1245,2325
1246,2301
1247,2624
1248,2308
1249,2217
1250,2655
1251,2081
1252,2240
1253,2488
1254,2175
1255,2234
1256,2467
1257,2082
1258,2253
1259,2366
1260,2065
1261,2220
1262,2291
1263,2045
1264,2299
1265,2224
1266,2023
1267,2255
1268,2108
1269,1978
1270,2199
1271,2048
1272,1920
1273,2228
1274,1987
1275,1814
1276,2336
1277,1830
1278,1836
1279,2188
1280,1830
1281,1823
1282,2053
1283,1749
1284,1849
1285,1971
1286,1784
1287,1838
1288,1951
1289,1740
1290,1897
1291,1879
1292,1744
1293,1839
1294,1860
1295,1680
1296,1915
1297,1749
1298,1695
1299,1921
1300,1792
1301,1611
1302,1942
1303,1631
1304,1660
1305,1875
1306,1639
1307,1579
1308,1993
1309,1629
1310,1711
1311,1850
1312,1575
1313,1643
1314,1937
1315,1613
1316,1648
1317,1769
1318,1543
1319,1730
1320,1832
1321,1564
1322,1702
1323,1762
1324,1555
1325,1722
1326,1733
1327,1484
1328,1805
1329,1635
1330,1642
1331,1719
1332,1630
1333,1560
1334,1830
1335,1630
1336,1609
1337,1800
1338,1605
1339,1564
1340,1851
1341,1594
1342,1523
1343,1826
1344,1570
1345,1534
1346,1871
1347,1558
1348,1678
1349,1788
1350,1540
1351,1677
1352,1748
1353,1620
1354,1750
1355,1720
1356,1576
1357,1731
1358,1777
1359,1575
1360,1834
1361,1807
1362,1651
1363,1839
1364,1873
1365,1632
1366,2137
1367,1864
1368,1904
1369,2148
1370,1882
1371,1801
1372,2075
1373,1785
1374,1849
1375,2031
1376,1831
1377,1750
1378,2061
1379,1796
1380,1956
1381,2070
1382,1800
1383,2041
1384,2199
1385,1944
1386,2201
1387,2376
1388,2139
1389,2283
1390,2348
1391,2170
1392,2352
1393,2229
1394,2027
1395,2265
1396,2112
1397,1973
1398,2389
1399,2001
1400,1955
1401,2284
1402,2019
1403,1906
1404,2326
1405,1869
1406,2027
1407,2322
1408,2016
1409,2089
1410,2283
1411,2005
1412,2049
1413,2185
1414,1868
1415,2110
1416,2160
1417,1901
1418,2074
1419,2117
1420,1922
1421,2081
1422,2106
1423,1752
1424,2131
1425,1934
1426,1809
1427,2068
1428,1889
1429,1837
1430,2165
1431,1871
1432,1765
1433,2097
1434,1804
1435,1796
1436,2030
1437,1681
1438,1877
1439,1993
1440,1754
1441,1809
1442,2079
1443,1744
1444,1734
1445,1850
1446,1693
1447,1811
1448,1827
1449,1639
1450,1831
1451,1826
1452,1603
1453,1879
1454,1746
1455,1676
1456,1905
1457,1680
1458,1618
1459,1819
1460,1648
1461,1643
1462,1873
1463,1601
1464,1612
1465,1931
1466,1623
1467,1530
1468,1877
1469,1545
1470,1623
1471,1788
1472,1493
1473,1555
1474,1749
1475,1535
1476,1587
1477,1700
1478,1455
1479,1626
1480,1687
1481,1470
1482,1677
1483,1569
1484,1499
1485,1661
1486,1596
1487,1440
1488,1634
1489,1504
1490,1462
1491,1600
1492,1481
1493,1344
1494,1654
1495,1415
1496,1428
1497,1617
1498,1277
1499,1340
1500,1598
1501,1360
1502,1428
1503,1586
1504,1326
1505,1393
1506,1504
1507,1333
1508,1324
1509,1474
1510,1360
1511,1401
1512,1454
1513,1376
1514,1489
1515,1420
1516,1218
1517,1455
1518,1343
1519,1254
1520,1417
1521,1295
1522,1203
1523,1397
1524,1309
1525,1225
1526,1505
1527,1239
1528,1198
1529,1451
1530,1207
1531,1254
1532,1401
1533,1165
1534,1231
1535,1350
1536,1166
1537,1228
1538,1259
1539,1169
1540,1162
1541,1242
1542,1128
1543,1184
1544,1270
1545,1086
1546,1153
1547,1155
1548,1088
1549,1199
1550,1133
1551,1016
1552,1185
1553,1085
1554,1017
1555,1157
1556,1031
1557,987
1558,1144
1559,1100
1560,979
1561,1251
1562,973
1563,1028
1564,1192
1565,976
1566,1037
1567,1137
1568,947
1569,1010
1570,1089
1571,929
1572,1021
1573,1083
1574,953
1575,966
1576,987
1577,941
1578,968
1579,960
1580,942
1581,1081
1582,980
1583,940
1584,984
1585,935
1586,809
1587,1046
1588,823
1589,801
1590,1005
1591,786
1592,904
1593,1011
1594,829
1595,875
1596,1022
1597,829
1598,879
1599,946
1600,751
1601,832
1602,881
1603,841
1604,860
1605,941
1606,758
1607,897
1608,813
1609,752
1610,863
1611,746
1612,737
1613,850
1614,770
1615,752
1616,805
1617,766
1618,718
1619,850
1620,773
1621,669
1622,837
1623,694
1624,680
1625,830
1626,692
1627,682
1628,773
1629,684
1630,713
1631,773
1632,677
1633,703
1634,786
1635,629
1636,689
1637,735
1638,626
1639,748
1640,694
1641,661
1642,712
1643,678
1644,652
1645,716
1646,636
1647,590
1648,712
1649,653
1650,615
1651,710
1652,576
1653,598
1654,702
1655,596
1656,572
1657,648
1658,568
1659,574
1660,654
1661,522
1662,607
1663,626
1664,566
1665,584
1666,604
1667,520
1668,596
1669,621
1670,526
1671,547
1672,566
1673,485
1674,582
1675,557
1676,524
1677,557
1678,572
1679,505
1680,552
1681,550
1682,483
1683,560
1684,505
1685,496
1686,554
1687,473
1688,475
1689,533
1690,457
1691,508
1692,510
1693,467
1694,512
1695,509
1696,437
1697,474
1698,482
1699,422
1700,484
1701,517
1702,402
1703,469
1704,491
1705,448
1706,499
1707,431
1708,403
1709,504
1710,432
1711,423
1712,453
1713,411
1714,450
1715,470
1716,415
1717,401
1718,481
1719,414
1720,394
1721,481
1722,379
1723,430
1724,479
1725,405
1726,379
1727,443
1728,407
1729,421
1730,445
1731,396
1732,437
1733,445
1734,403
1735,450
1736,401
1737,372
1738,432
1739,419
1740,366
1741,449
1742,387
1743,356
1744,428
1745,408
1746,362
1747,425
1748,362
1749,336
1750,387
1751,366
1752,372
1753,383
1754,339
1755,375
1756,392
1757,356
1758,367
1759,391
1760,313
1761,329
1762,380
1763,335
1764,360
1765,358
1766,312
1767,348
1768,337
1769,336
1770,377
1771,325
1772,306
1773,399
1774,339
1775,315
1776,363
1777,319
1778,300
1779,338
1780,300
1781,299
1782,358
1783,287
1784,310
1785,403
1786,315
1787,311
1788,332
1789,283
1790,311
1791,331
1792,310
1793,316
1794,328
1795,336
1796,310
1797,314
1798,300
1799,340
1800,321
1801,301
1802,326
1803,291
1804,276
1805,348
1806,275
1807,290
1808,322
1809,312
1810,301
1811,338
1812,280
1813,295
1814,312
1815,267
1816,279
1817,335
1818,289
1819,293
1820,311
1821,276
1822,299
1823,316
1824,262
1825,271
1826,291
1827,273
1828,340
1829,308
1830,266
1831,326
1832,279
1833,280
1834,350
1835,294
1836,267
1837,357
1838,259
1839,274
1840,327
1841,245
1842,273
1843,276
1844,244
1845,265
1846,313
1847,282
1848,285
1849,338
1850,244
1851,267
1852,278
1853,261
1854,296
1855,294
1856,274
1857,300
1858,274
1859,253
1860,287
1861,272
1862,269
1863,284
1864,285
1865,258
1866,306
1867,245
1868,273
1869,314
1870,262
1871,268
1872,276
1873,245
1874,275
1875,327
1876,240
1877,263
1878,273
1879,265
1880,282
1881,304
1882,267
1883,283
1884,274
1885,265
1886,257
1887,285
1888,275
1889,280
1890,233
1891,260
1892,264
1893,270
1894,256
1895,274
1896,279
1897,231
1898,289
1899,263
1900,246
1901,322
1902,246
1903,250
1904,280
1905,233
1906,232
1907,304
1908,248
1909,285
1910,302
1911,260
1912,234
1913,304
1914,259
1915,265
1916,267
1917,267
1918,283
1919,273
1920,244
1921,265
1922,280
1923,250
1924,245
1925,272
1926,241
1927,309
1928,237
1929,248
1930,279
1931,252
1932,242
1933,273
1934,267
1935,270
1936,355
1937,262
1938,258
1939,329
1940,276
1941,296
1942,300
1943,298
1944,261
1945,316
1946,263
1947,256
1948,272
1949,247
1950,308
1951,297
1952,261
1953,309
1954,272
1955,285
1956,312
1957,277
1958,276
1959,347
1960,302
1961,290
1962,324
1963,275
1964,278
1965,355
1966,286
1967,283
1968,346
1969,334
1970,293
1971,353
1972,262
1973,302
1974,385
1975,293
1976,344
1977,393
1978,286
1979,338
1980,334
1981,316
1982,358
1983,347
1984,324
1985,386
1986,306
1987,338
1988,416
1989,346
1990,321
1991,423
1992,341
1993,334
1994,401
1995,327
1996,335
1997,454
1998,371
1999,357
2000,453
2001,328
2002,351
2003,397
2004,339
2005,416
2006,390
2007,383
2008,420
2009,400
2010,379
2011,390
2012,387
2013,368
2014,458
2015,414
2016,402
2017,473
2018,434
2019,381
2020,467
2021,431
2022,396
2023,457
2024,413
2025,444
2026,473
2027,431
2028,397
2029,498
2030,390
2031,459
2032,557
2033,433
2034,478
2035,488
2036,462
2037,486
2038,506
2039,463
2040,499
2041,533
2042,494
2043,516
2044,509
2045,536
2046,520
2047,550
2048,503
2049,516
2050,554
2051,513
2052,610
2053,526
2054,524
2055,629
2056,540
2057,563
2058,660
2059,533
2060,555
2061,668
2062,538
2063,579
2064,650
2065,591
2066,624
2067,726
2068,579
2069,668
2070,697
2071,630
2072,638
2073,699
2074,672
2075,721
2076,693
2077,706
2078,757
2079,786
2080,696
2081,770
2082,711
2083,685
2084,820
2085,723
2086,721
2087,840
2088,729
2089,743
2090,854
2091,726
2092,756
2093,917
2094,730
2095,767
2096,861
2097,770
2098,876
2099,939
2100,775
2101,849
2102,899
2103,829
2104,843
2105,869
2106,818
2107,877
2108,889
2109,856
2110,912
2111,899
2112,872
2113,938
2114,868
2115,853
2116,1004
2117,864
2118,908
2119,1013
2120,852
2121,899
2122,1007
2123,897
2124,869
2125,1052
2126,822
2127,985
2128,997
2129,864
2130,929
2131,1034
2132,909
2133,1082
2134,995
2135,912
2136,993
2137,996
2138,964
2139,1008
2140,1031
2141,957
2142,1083
2143,1042
2144,917
2145,1104
2146,1057
2147,891
2148,1173
2149,997
2150,1031
2151,1200
2152,964
2153,996
2154,1208
2155,1037
2156,1083
2157,1222
2158,1071
2159,1120
2160,1211
2161,1100
2162,1088
2163,1217
2164,1089
2165,1147
2166,1235
2167,1137
2168,1245
2169,1333
2170,1138
2171,1343
2172,1297
2173,1194
2174,1350
2175,1406
2176,1295
2177,1394
2178,1288
2179,1231
2180,1475
2181,1229
2182,1301
2183,1551
2184,1334
2185,1362
2186,1563
2187,1302
2188,1409
2189,1535
2190,1356
2191,1385
2192,1626
2193,1328
2194,1462
2195,1599
2196,1432
2197,1496
2198,1586
2199,1466
2200,1666
2201,1514
2202,1464
2203,1558
2204,1593
2205,1542
2206,1680
2207,1526
2208,1453
2209,1734
2210,1569
2211,1475
2212,1793
2213,1494
2214,1581
2215,1814
2216,1479
2217,1491
2218,1794
2219,1499
2220,1556
2221,1727
2222,1505
2223,1516
2224,1732
2225,1492
2226,1562
2227,1690
2228,1566
2229,1669
2230,1738
2231,1459
2232,1677
2233,1587
2234,1514
2235,1653
2236,1629
2237,1523
2238,1695
2239,1555
2240,1517
2241,1616
2242,1471
2243,1420
2244,1628
2245,1447
2246,1415
2247,1694
2248,1429
2249,1433
2250,1676
2251,1379
2252,1438
2253,1659
2254,1286
2255,1433
2256,1499
2257,1278
2258,1476
2259,1514
2260,1297
2261,1455
2262,1428
2263,1317
2264,1422
2265,1366
2266,1267
2267,1414
2268,1330
2269,1285
2270,1398
2271,1276
2272,1183
2273,1401
2274,1267
2275,1208
2276,1504
2277,1151
2278,1209
2279,1349
2280,1152
2281,1182
2282,1400
2283,1157
2284,1197
2285,1316
2286,1074
2287,1138
2288,1252
2289,1107
2290,1174
2291,1174
2292,1082
2293,1121
2294,1131
2295,1046
2296,1146
2297,1101
2298,1009
2299,1169
2300,1087
2301,989
2302,1166
2303,950
2304,1007
2305,1129
2306,946
2307,940
2308,1147
2309,890
2310,975
2311,1084
2312,902
2313,924
2314,1048
2315,905
2316,934
2317,1011
2318,877
2319,905
2320,965
2321,840
2322,866
2323,940
2324,809
2325,896
2326,859
2327,853
2328,923
2329,869
2330,786
2331,932
2332,850
2333,753
2334,961
2335,868
2336,794
2337,905
2338,817
2339,731
2340,910
2341,706
2342,775
2343,900
2344,759
2345,724
2346,839
2347,729
2348,742
2349,738
2350,738
2351,749
2352,738
2353,663
2354,710
2355,787
2356,688
2357,731
2358,802
2359,652
2360,758
2361,706
2362,616
2363,729
2364,706
2365,619
2366,736
2367,603
2368,649
2369,707
2370,614
2371,582
2372,726
2373,606
2374,608
2375,709
2376,592
2377,609
2378,714
2379,592
2380,617
2381,679
2382,614
2383,552
2384,665
2385,566
2386,571
2387,662
2388,573
2389,620
2390,616
2391,484
2392,563
2393,572
2394,529
2395,608
2396,544
2397,534
2398,592
2399,487
2400,523
2401,611
2402,532
2403,516
2404,582
2405,491
2406,505
2407,536
2408,465
2409,489
2410,572
2411,490
2412,504
2413,494
2414,497
2415,473
2416,517
2417,451
2418,524
2419,467
2420,460
2421,523
2422,502
2423,407
2424,493
2425,456
2426,471
2427,489
2428,491
2429,392
2430,485
2431,388
2432,387
2433,466
2434,360
2435,404
2436,483
2437,351
2438,387
2439,438
2440,422
2441,414
2442,434
2443,406
2444,420
2445,386
2446,408
2447,396
2448,445
2449,366
2450,400
2451,409
2452,382
2453,390
2454,358
2455,334
2456,385
2457,364
2458,370
2459,374
2460,356
2461,314
2462,431
2463,362
2464,350
2465,379
2466,318
2467,324
2468,400
2469,344
2470,381
2471,387
2472,295
2473,290
2474,381
2475,288
2476,343
2477,349
2478,298
2479,340
2480,330
2481,283
2482,345
2483,325
2484,304
2485,351
2486,308
2487,299
2488,330
2489,291
2490,291
2491,340
2492,298
2493,262
2494,304
2495,289
2496,285
2497,307
2498,257
2499,277
2500,305
2501,230
2502,315
2503,297
2504,249
2505,263
2506,307
2507,264
2508,249
2509,278
2510,259
2511,283
2512,282
2513,265
2514,237
2515,272
2516,228
2517,275
2518,272
2519,257
2520,284
2521,233
2522,230
2523,295
2524,235
2525,246
2526,288
2527,246
2528,239
2529,270
2530,250
2531,218
2532,237
2533,219
2534,212
2535,238
2536,207
2537,212
2538,235
2539,220
2540,231
2541,250
2542,217
2543,218
2544,214
2545,203
2546,237
2547,189
2548,196
2549,219
2550,227
2551,224
2552,269
2553,187
2554,182
2555,224
2556,219
2557,215
2558,243
2559,198
2560,208
2561,197
2562,179
2563,226
2564,230
2565,187
2566,203
2567,205
2568,186
2569,185
2570,211
2571,183
2572,204
2573,185
2574,180
2575,201
2576,199
2577,169
2578,217
2579,195
2580,166
2581,200
2582,184
2583,185
2584,215
2585,197
2586,163
2587,182
2588,173
2589,203
2590,200
2591,185
2592,163
2593,203
2594,164
2595,162
2596,201
2597,153
2598,172
2599,169
2600,175
2601,180
2602,185
2603,178
2604,183
2605,184
2606,165
2607,157
2608,173
2609,170
2610,156
2611,173
2612,162
2613,191
2614,178
2615,144
2616,193
2617,158
2618,169
2619,192
2620,138
2621,158
2622,201
2623,140
2624,142
2625,188
2626,147
2627,166
2628,168
2629,130
2630,157
2631,154
2632,146
2633,127
2634,167
2635,133
2636,168
2637,181
2638,167
2639,143
2640,159
2641,186
2642,138
2643,160
2644,134
2645,157
2646,127
2647,125
2648,160
2649,156
2650,155
2651,189
2652,165
2653,137
2654,177
2655,140
2656,152
2657,134
2658,145
2659,133
2660,155
2661,150
2662,139
2663,155
2664,135
2665,123
2666,161
2667,132
2668,168
2669,149
2670,134
2671,136
2672,148
2673,128
2674,140
2675,138
2676,111
2677,157
2678,120
2679,130
2680,152
2681,121
2682,108
2683,120
2684,122
2685,130
2686,143
2687,102
2688,121
2689,121
2690,110
2691,121
2692,125
2693,113
2694,129
2695,141
2696,124
2697,118
2698,137
2699,130
2700,121
2701,139
2702,114
2703,120
2704,123
2705,115
2706,119
2707,129
2708,104
2709,121
2710,106
2711,116
2712,137
2713,90
2714,104
2715,152
2716,94
2717,113
2718,146
2719,108
2720,116
2721,123
2722,112
2723,101
2724,120
2725,130
2726,117
2727,135
2728,108
2729,101
2730,130
2731,102
2732,137
2733,111
2734,103
2735,98
2736,101
2737,95
2738,137
2739,96
2740,119
2741,139
2742,95
2743,110
2744,123
2745,101
2746,82
2747,109
2748,102
2749,89
2750,108
2751,92
2752,94
2753,106
2754,100
2755,102
2756,105
2757,96
2758,106
2759,119
2760,105
2761,111
2762,111
2763,100
2764,97
2765,84
2766,89
2767,85
2768,77
2769,80
2770,105
2771,113
2772,100
2773,103
2774,94
2775,80
2776,109
2777,86
2778,107
2779,86
2780,94
2781,97
2782,105
2783,95
2784,91
2785,93
2786,78
2787,81
2788,91
2789,91
2790,89
2791,85
2792,100
2793,90
2794,89
2795,81
2796,78
2797,99
2798,81
2799,86
2800,84
2801,91
2802,83
2803,87
2804,87
2805,90
2806,94
2807,75
2808,111
2809,90
2810,81
2811,99
2812,83
2813,97
2814,74
2815,86
2816,85
2817,85
2818,75
2819,84
2820,85
2821,69
2822,71
2823,90
2824,85
2825,80
2826,78
2827,86
2828,96
2829,85
2830,79
2831,80
2832,101
2833,82
2834,66
2835,85
2836,82
2837,101
2838,78
2839,71
2840,77
2841,81
2842,63
2843,84
2844,69
2845,84
2846,88
2847,78
2848,87
2849,86
2850,86
2851,85
2852,81
2853,65
2854,85
2855,80
2856,68
2857,87
2858,74
2859,68
2860,86
2861,72
2862,71
2863,67
2864,78
2865,63
2866,96
2867,86
2868,59
2869,80
2870,71
2871,54
2872,92
2873,73
2874,65
2875,71
2876,72
2877,77
2878,73
2879,57
2880,64
2881,67
2882,76
2883,81
2884,75
2885,72
2886,69
2887,71
2888,67
2889,86
2890,66
2891,67
2892,75
2893,67
2894,54
2895,76
2896,58
2897,59
2898,63
2899,62
2900,59
2901,70
2902,74
2903,67
2904,86
2905,82
2906,69
2907,85
2908,58
2909,54
2910,62
2911,58
2912,72
2913,65
2914,67
2915,55
2916,73
2917,75
2918,71
2919,66
2920,66
2921,83
2922,59
2923,76
2924,67
2925,63
2926,58
2927,65
2928,65
2929,59
2930,76
2931,52
2932,64
2933,81
2934,53
2935,58
2936,76
2937,60
2938,58
2939,76
2940,58
2941,52
2942,65
2943,69
2944,53
2945,66
2946,75
2947,72
2948,65
2949,60
2950,60
2951,47
2952,65
2953,64
2954,65
2955,49
2956,61
2957,61
2958,55
2959,70
2960,53
2961,54
2962,78
2963,66
2964,50
2965,64
2966,70
2967,60
2968,62
2969,57
2970,65
2971,53
2972,64
2973,59
2974,59
2975,58
2976,70
2977,55
2978,57
2979,48
2980,53
2981,48
2982,57
2983,64
2984,56
2985,63
2986,57
2987,54
2988,68
2989,47
2990,43
2991,58
2992,46
2993,55
2994,58
2995,65
2996,63
2997,76
2998,48
2999,58
3000,72
3001,39
3002,48
3003,74
3004,55
3005,44
3006,51
3007,38
3008,41
3009,51
3010,50
3011,44
3012,54
3013,61
3014,62
3015,41
3016,57
3017,68
3018,43
3019,49
3020,63
3021,64
3022,51
3023,76
3024,49
3025,41
3026,89
3027,62
3028,42
3029,59
3030,51
3031,51
3032,84
3033,53
3034,60
3035,65
3036,58
3037,49
3038,53
3039,42
3040,49
3041,81
3042,37
3043,48
3044,62
3045,56
3046,55
3047,94
3048,45
3049,58
3050,46
3051,39
3052,50
3053,74
3054,55
3055,53
3056,46
3057,62
3058,64
3059,52
3060,51
3061,66
3062,57
3063,49
3064,72
3065,52
3066,53
3067,58
3068,50
3069,54
3070,56
3071,49
3072,61
3073,101
3074,42
3075,66
3076,53
3077,42
3078,69
3079,45
3080,49
3081,60
3082,61
3083,41
3084,69
3085,69
3086,52
3087,65
3088,55
3089,43
3090,59
3091,58
3092,49
3093,69
3094,53
3095,54
3096,64
3097,56
3098,54
3099,116
3100,60
3101,49
3102,56
3103,67
3104,64
3105,58
3106,32
3107,74
3108,59
3109,52
3110,65
3111,76
3112,46
3113,80
3114,56
3115,36
3116,69
3117,54
3118,50
3119,74
3120,54
3121,51
3122,59
3123,47
3124,43
3125,100
3126,44
3127,42
3128,64
3129,48
3130,50
3131,84
3132,57
3133,64
3134,49
3135,61
3136,61
3137,62
3138,60
3139,58
3140,77
3141,49
3142,56
3143,44
3144,45
3145,74
3146,48
3147,41
3148,56
3149,50
3150,56
3151,107
3152,48
3153,78
3154,65
3155,56
3156,57
3157,82
3158,40
3159,60
3160,79
3161,36
3162,64
3163,65
3164,61
3165,74
3166,72
3167,48
3168,61
3169,60
3170,41
3171,91
3172,49
3173,44
3174,63
3175,50
3176,52
3177,111
3178,58
3179,49
3180,61
3181,57
3182,50
3183,58
3184,42
3185,57
3186,67
3187,49
3188,61
3189,64
3190,60
3191,77
3192,59
3193,52
3194,76
3195,50
3196,46
3197,69
3198,61
3199,65
3200,65
3201,49
3202,52
3203,105
3204,60
3205,57
3206,70
3207,54
3208,54
3209,81
3210,64
3211,51
3212,83
3213,52
3214,60
3215,98
3216,52
3217,72
3218,88
3219,60
3220,66
3221,68
3222,59
3223,85
3224,67
3225,66
3226,59
3227,69
3228,60
3229,100
3230,63
3231,53
3232,85
3233,69
3234,42
3235,73
3236,72
3237,71
3238,85
3239,71
3240,69
3241,90
3242,52
3243,68
3244,88
3245,73
3246,78
3247,71
3248,65
3249,88
3250,66
3251,60
3252,60
3253,73
3254,73
3255,87
3256,78
3257,69
3258,81
3259,79
3260,46
3261,94
3262,64
3263,85
3264,78
3265,70
3266,70
3267,78
3268,67
3269,62
3270,73
3271,59
3272,85
3273,72
3274,75
3275,71
3276,75
3277,53
3278,80
3279,70
3280,70
3281,80
3282,73
3283,69
3284,63
3285,94
3286,81
3287,78
3288,78
3289,62
3290,86
3291,71
3292,70
3293,73
3294,83
3295,78
3296,82
3297,77
3298,64
3299,75
3300,65
3301,67
3302,72
3303,63
3304,71
3305,84
3306,71
3307,99
3308,87
3309,72
3310,78
3311,74
3312,57
3313,86
3314,74
3315,61
3316,71
3317,92
3318,82
3319,74
3320,89
3321,75
3322,83
3323,84
3324,66
3325,72
3326,79
3327,70
3328,88
3329,80
3330,63
3331,83
3332,62
3333,88
3334,84
3335,61
3336,65
3337,86
3338,61
3339,77
3340,80
3341,63
3342,82
3343,74
3344,79
3345,76
3346,91
3347,59
3348,71
3349,62
3350,76
3351,72
3352,86
3353,68
3354,87
3355,73
3356,81
3357,78
3358,65
3359,91
3360,79
3361,60
3362,71
3363,80
3364,49
3365,83
3366,77
3367,77
3368,71
3369,87
3370,80
3371,87
3372,92
3373,59
3374,81
3375,81
3376,58
3377,76
3378,79
3379,79
3380,71
3381,61
3382,68
3383,64
3384,65
3385,78
3386,81
3387,70
3388,64
3389,65
3390,59
3391,82
3392,74
3393,63
3394,52
3395,63
3396,49
3397,59
3398,51
3399,63
3400,63
3401,76
3402,77
3403,66
3404,71
3405,50
3406,66
3407,67
3408,56
3409,60
3410,72
3411,63
3412,79
3413,74
3414,76
3415,58
3416,65
3417,67
3418,63
3419,73
3420,73
3421,66
3422,60
3423,53
3424,78
3425,70
3426,67
3427,68
3428,57
3429,60
3430,67
3431,65
3432,67
3433,63
3434,57
3435,76
3436,55
3437,57
3438,68
3439,63
3440,48
3441,51
3442,64
3443,61
3444,69
3445,68
3446,62
3447,60
3448,63
3449,48
3450,55
3451,50
3452,54
3453,71
3454,67
3455,55
3456,58
3457,58
3458,44
3459,67
3460,52
3461,54
3462,59
3463,58
3464,55
3465,61
3466,40
3467,51
3468,47
3469,64
3470,63
3471,63
3472,63
3473,44
3474,57
3475,64
3476,69
3477,44
3478,42
3479,56
3480,56
3481,44
3482,52
3483,42
3484,53
3485,42
3486,57
3487,59
3488,62
3489,61
3490,58
3491,64
3492,65
3493,45
3494,61
3495,58
3496,50
3497,58
3498,44
3499,51
3500,43
3501,48
3502,69
3503,49
3504,56
3505,50
3506,46
3507,36
3508,45
3509,51
3510,60
3511,64
3512,61
3513,48
3514,50
3515,45
3516,61
3517,64
3518,48
3519,49
3520,57
3521,53
3522,48
3523,51
3524,45
3525,52
3526,49
3527,58
3528,41
3529,54
3530,44
3531,55
3532,59
3533,40
3534,52
3535,50
3536,55
3537,49
3538,44
3539,37
3540,53
3541,44
3542,45
3543,62
3544,48
3545,45
3546,42
3547,47
3548,37
3549,43
3550,44
3551,48
3552,57
3553,48
3554,43
3555,62
3556,49
3557,50
3558,49
3559,47
3560,49
3561,50
3562,44
3563,45
3564,39
3565,45
3566,41
3567,55
3568,51
3569,52
3570,48
3571,34
3572,50
3573,47
3574,49
3575,32
3576,46
3577,40
3578,43
3579,44
3580,48
3581,41
3582,38
3583,48
3584,54
3585,53
3586,35
3587,50
3588,54
3589,30
3590,46
3591,62
3592,43
3593,53
3594,55
3595,52
3596,41
3597,31
3598,42
3599,48
3600,47
3601,44
3602,57
3603,39
3604,42
3605,48
3606,44
3607,48
3608,43
3609,43
3610,50
3611,37
3612,41
3613,45
3614,38
3615,41
3616,46
3617,28
3618,43
3619,45
3620,53
3621,42
3622,43
3623,47
3624,27
3625,54
3626,45
3627,35
3628,31
3629,38
3630,35
3631,57
3632,38
3633,43
3634,43
3635,31
3636,46
3637,42
3638,38
3639,55
3640,41
3641,31
3642,35
3643,37
3644,33
3645,47
3646,46
3647,40
3648,58
3649,50
3650,30
3651,39
3652,37
3653,46
3654,42
3655,33
3656,33
3657,62
3658,45
3659,34
3660,61
3661,40
3662,34
3663,36
3664,42
3665,36
3666,38
3667,39
3668,33
3669,41
3670,38
3671,48
3672,48
3673,31
3674,39
3675,47
3676,34
3677,39
3678,33
3679,36
3680,52
3681,45
3682,45
3683,39
3684,33
3685,35
3686,43
3687,34
3688,29
3689,44
3690,21
3691,45
3692,48
3693,40
3694,38
3695,39
3696,28
3697,46
3698,42
3699,38
3700,35
3701,40
3702,31
3703,42
3704,40
3705,38
3706,42
3707,42
3708,35
3709,51
3710,41
3711,44
3712,46
3713,39
3714,38
3715,46
3716,32
3717,36
3718,38
3719,37
3720,34
3721,47
3722,35
3723,37
3724,61
3725,33
3726,32
3727,57
3728,39
3729,49
3730,48
3731,36
3732,42
3733,38
3734,40
3735,41
3736,27
3737,33
3738,38
3739,46
3740,36
3741,40
3742,32
3743,41
3744,51
3745,38
3746,26
3747,47
3748,37
3749,37
3750,55
3751,44
3752,41
3753,45
3754,34
3755,43
3756,49
3757,34
3758,51
3759,42
3760,35
3761,48
3762,55
3763,42
3764,34
3765,47
3766,33
3767,58
3768,36
3769,40
3770,43
3771,38
3772,43
3773,51
3774,40
3775,39
3776,53
3777,27
3778,38
3779,47
3780,35
3781,27
3782,41
3783,42
3784,39
3785,47
3786,36
3787,48
3788,33
3789,44
3790,44
3791,37
3792,31
3793,41
3794,36
3795,39
3796,41
3797,37
3798,34
3799,30
3800,29
3801,28
3802,42
3803,26
3804,40
3805,50
3806,49
3807,43
3808,52
3809,26
3810,35
3811,44
3812,36
3813,37
3814,35
3815,37
3816,33
3817,46
3818,36
3819,33
3820,38
3821,43
3822,48
3823,44
3824,49
3825,39
3826,48
3827,35
3828,51
3829,47
3830,35
3831,55
3832,42
3833,29
3834,41
3835,40
3836,44
3837,41
3838,32
3839,37
3840,47
3841,40
3842,39
3843,41
3844,35
3845,31
3846,35
3847,44
3848,35
3849,46
3850,34
3851,33
3852,48
3853,38
3854,42
3855,40
3856,33
3857,36
3858,39
3859,46
3860,49
3861,34
3862,35
3863,33
3864,43
3865,44
3866,43
3867,24
3868,36
3869,46
3870,34
3871,28
3872,42
3873,35
3874,41
3875,45
3876,37
3877,38
3878,44
3879,32
3880,33
3881,32
3882,27
3883,34
3884,42
3885,28
3886,45
3887,41
3888,26
3889,34
3890,44
3891,34
3892,52
3893,28
3894,33
3895,42
3896,32
3897,38
3898,38
3899,33
3900,38
3901,53
3902,28
3903,39
3904,37
3905,34
3906,36
3907,43
3908,30
3909,33
3910,38
3911,20
3912,29
3913,21
3914,31
3915,25
3916,27
3917,32
3918,42
3919,30
3920,32
3921,26
3922,21
3923,30
3924,30
3925,44
3926,22
3927,45
3928,25
3929,34
3930,35
3931,31
3932,33
3933,30
3934,29
3935,24
3936,46
3937,31
3938,34
3939,29
3940,27
3941,39
3942,27
3943,27
3944,30
3945,26
3946,34
3947,29
3948,31
3949,30
3950,32
3951,30
3952,41
3953,29
3954,25
3955,32
3956,33
3957,22
3958,30
3959,43
3960,30
3961,20
3962,37
3963,25
3964,27
3965,27
3966,23
3967,34
3968,33
3969,27
3970,25
3971,43
3972,21
3973,19
3974,36
3975,23
3976,29
3977,17
3978,31
3979,33
3980,38
3981,27
3982,34
3983,36
3984,33
3985,28
3986,29
3987,25
3988,32
3989,27
3990,27
3991,38
3992,26
3993,23
3994,25
3995,26
3996,18
3997,47
3998,32
3999,36
4000,37
4001,26
4002,17
4003,30
4004,24
4005,22
4006,26
4007,28
4008,27
4009,28
4010,23
4011,30
4012,15
4013,26
4014,37
4015,28
4016,17
4017,27
4018,29
4019,21
4020,30
4021,18
4022,24
4023,35
4024,25
4025,21
4026,31
4027,18
4028,24
4029,35
4030,21
4031,22
4032,24
4033,29
4034,20
4035,22
4036,34
4037,31
4038,17
4039,28
4040,29
4041,26
4042,22
4043,20
4044,19
4045,24
4046,17
4047,26
4048,27
4049,29
4050,26
4051,16
4052,20
4053,26
4054,24
4055,27
4056,16
4057,26
4058,19
4059,20
4060,19
4061,24
4062,17
4063,16
4064,19
4065,24
4066,27
4067,26
4068,18
4069,19
4070,31
4071,27
4072,24
4073,22
4074,29
4075,23
4076,22
4077,28
4078,12
4079,19
4080,26
4081,32
4082,23
4083,21
4084,20
4085,20
4086,23
4087,27
4088,24
4089,17
4090,27
4091,19
4092,22
4093,21
4094,23
4095,24
4096,13
4097,23
4098,18
4099,22
4100,19
4101,25
4102,25
4103,17
4104,11
4105,14
4106,15
4107,24
4108,23
4109,27
4110,23
4111,27
4112,24
4113,18
4114,22
4115,22
4116,32
4117,14
4118,17
4119,17
4120,18
4121,18
4122,22
4123,21
4124,24
4125,13
4126,23
4127,15
4128,18
4129,21
4130,16
4131,25
4132,20
4133,19
4134,15
4135,14
4136,24
4137,23
4138,23
4139,22
4140,18
4141,18
4142,15
4143,14
4144,21
4145,19
4146,11
4147,16
4148,20
4149,20
4150,17
4151,23
4152,14
4153,22
4154,22
4155,13
4156,17
4157,20
4158,27
4159,16
4160,20
4161,23
4162,17
4163,23
4164,16
4165,16
4166,28
4167,21
4168,24
4169,13
4170,19
4171,26
4172,17
4173,19
4174,22
4175,18
4176,15
4177,11
4178,21
4179,18
4180,12
4181,26
4182,11
4183,19
4184,23
4185,16
4186,25
4187,21
4188,21
4189,25
4190,12
4191,22
4192,17
4193,17
4194,18
4195,16
4196,19
4197,21
4198,21
4199,17
4200,19
4201,19
4202,17
4203,18
4204,16
4205,16
4206,28
4207,21
4208,12
4209,27
4210,21
4211,25
4212,13
4213,14
4214,10
4215,20
4216,14
4217,14
4218,23
4219,21
4220,13
4221,23
4222,25
4223,17
4224,23
4225,19
4226,29
4227,20
4228,13
4229,19
4230,19
4231,18
4232,16
4233,26
4234,18
4235,16
4236,7
4237,20
4238,18
4239,14
4240,14
4241,25
4242,18
4243,22
4244,24
4245,17
4246,13
4247,21
4248,21
4249,17
4250,21
4251,21
4252,19
4253,21
4254,14
4255,15
4256,19
4257,18
4258,20
4259,22
4260,15
4261,26
4262,16
4263,14
4264,27
4265,25
4266,14
4267,20
4268,18
4269,20
4270,26
4271,23
4272,17
4273,10
4274,17
4275,25
4276,13
4277,20
4278,11
4279,20
4280,15
4281,19
4282,20
4283,12
4284,15
4285,17
4286,15
4287,25
4288,24
4289,21
4290,21
4291,22
4292,16
4293,13
4294,18
4295,21
4296,15
4297,18
4298,16
4299,22
4300,17
4301,20
4302,17
4303,11
4304,17
4305,22
4306,14
4307,17
4308,15
4309,11
4310,12
4311,20
4312,9
4313,24
4314,20
4315,19
4316,19
4317,25
4318,19
4319,23
4320,16
4321,13
4322,22
4323,19
4324,17
4325,18
4326,13
4327,10
4328,16
4329,17
4330,20
4331,15
4332,18
4333,17
4334,19
4335,22
4336,14
4337,13
4338,19
4339,20
4340,28
4341,17
4342,20
4343,18
4344,15
4345,11
4346,24
4347,17
4348,16
4349,20
4350,21
4351,19
4352,20
4353,17
4354,16
4355,19
4356,12
4357,17
4358,19
4359,12
4360,13
4361,18
4362,13
4363,21
4364,19
4365,11
4366,21
4367,19
4368,22
4369,22
4370,20
4371,12
4372,15
4373,22
4374,24
4375,22
4376,19
4377,17
4378,20
4379,14
4380,20
4381,13
4382,20
4383,10
4384,12
4385,11
4386,15
4387,28
4388,11
4389,12
4390,24
4391,14
4392,18
4393,13
4394,16
4395,27
4396,19
4397,17
4398,13
4399,7
4400,12
4401,24
4402,13
4403,13
4404,20
4405,9
4406,15
4407,19
4408,17
4409,15
4410,11
4411,15
4412,17
4413,19
4414,14
4415,16
4416,19
4417,20
4418,17
4419,22
4420,18
4421,18
4422,16
4423,11
4424,20
4425,14
4426,13
4427,23
4428,13
4429,17
4430,20
4431,18
4432,18
4433,18
4434,17
4435,13
4436,20
4437,13
4438,20
4439,20
4440,20
4441,21
4442,16
4443,24
4444,16
4445,16
4446,16
4447,17
4448,13
4449,19
4450,15
4451,15
4452,27
4453,24
4454,18
4455,14
4456,24
4457,22
4458,15
4459,17
4460,11
4461,13
4462,17
4463,15
4464,16
4465,21
4466,12
4467,10
4468,23
4469,9
4470,25
4471,18
4472,17
4473,19
4474,13
4475,19
4476,16
4477,16
4478,11
4479,18
4480,17
4481,11
4482,18
4483,12
4484,20
4485,20
4486,14
4487,18
4488,12
4489,8
4490,13
4491,14
4492,13
4493,23
4494,15
4495,16
4496,14
4497,17
4498,18
4499,9
4500,17
4501,17
4502,18
4503,12
4504,16
4505,18
4506,18
4507,17
4508,13
4509,15
4510,18
4511,13
4512,12
4513,14
4514,17
4515,13
4516,14
4517,15
4518,21
4519,16
4520,20
4521,9
4522,9
4523,15
4524,16
4525,13
4526,14
4527,18
4528,16
4529,20
4530,15
4531,18
4532,19
4533,13
4534,9
4535,19
4536,23
4537,16
4538,18
4539,18
4540,13
4541,13
4542,23
4543,15
4544,20
4545,23
4546,18
4547,10
4548,9
4549,16
4550,17
4551,13
4552,18
4553,16
4554,22
4555,15
4556,22
4557,17
4558,13
4559,13
4560,8
4561,12
4562,8
4563,14
4564,14
4565,12
4566,16
4567,15
4568,19
4569,18
4570,13
4571,11
4572,14
4573,9
4574,11
4575,11
4576,12
4577,15
4578,14
4579,10
4580,11
4581,18
4582,20
4583,15
4584,14
4585,14
4586,18
4587,13
4588,7
4589,9
4590,11
4591,15
4592,9
4593,19
4594,18
4595,22
4596,18
4597,12
4598,13
4599,17
4600,6
4601,17
4602,19
4603,12
4604,19
4605,22
4606,8
4607,19
4608,12
4609,9
4610,25
4611,5
4612,13
4613,14
4614,16
4615,11
4616,10
4617,15
4618,16
4619,18
4620,15
4621,15
4622,10
4623,11
4624,17
4625,16
4626,15
4627,16
4628,14
4629,11
4630,12
4631,21
4632,10
4633,18
4634,14
4635,18
4636,11
4637,16
4638,7
4639,12
4640,17
4641,12
4642,23
4643,17
4644,14
4645,19
4646,14
4647,11
4648,8
4649,8
4650,13
4651,17
4652,14
4653,7
4654,9
4655,11
4656,9
4657,8
4658,13
4659,14
4660,17
4661,13
4662,12
4663,17
4664,11
4665,9
4666,11
4667,9
4668,18
4669,16
4670,7
4671,5
4672,11
4673,12
4674,13
4675,15
4676,17
4677,10
4678,13
4679,12
4680,5
4681,13
4682,11
4683,11
4684,14
4685,7
4686,10
4687,15
4688,9
4689,10
4690,9
4691,8
4692,14
4693,14
4694,13
4695,16
4696,12
4697,7
4698,14
4699,13
4700,17
4701,12
4702,11
4703,7
4704,17
4705,11
4706,7
4707,12
4708,14
4709,13
4710,8
4711,9
4712,16
4713,18
4714,14
4715,13
4716,8
4717,14
4718,12
4719,17
4720,13
4721,6
4722,11
4723,11
4724,13
4725,9
4726,9
4727,16
4728,11
4729,15
4730,15
4731,9
4732,13
4733,13
4734,6
4735,14
4736,8
4737,11
4738,9
4739,18
4740,12
4741,12
4742,9
4743,13
4744,12
4745,10
4746,11
4747,13
4748,13
4749,14
4750,19
4751,11
4752,8
4753,7
4754,11
4755,10
4756,7
4757,9
4758,6
4759,13
4760,11
4761,10
4762,10
4763,15
4764,9
4765,11
4766,7
4767,9
4768,11
4769,13
4770,12
4771,15
4772,16
4773,14
4774,9
4775,7
4776,7
4777,15
4778,4
4779,9
4780,10
4781,8
4782,10
4783,10
4784,7
4785,9
4786,5
4787,6
4788,13
4789,12
4790,7
4791,11
4792,8
4793,11
4794,10
4795,9
4796,19
4797,11
4798,12
4799,7
4800,4
4801,8
4802,10
4803,10
4804,14
4805,14
4806,5
4807,12
4808,17
4809,11
4810,8
4811,12
4812,9
4813,10
4814,9
4815,14
4816,6
4817,11
4818,10
4819,13
4820,9
4821,11
4822,9
4823,12
4824,11
4825,15
4826,12
4827,7
4828,12
4829,12
4830,9
4831,9
4832,15
4833,9
4834,11
4835,10
4836,11
4837,14
4838,5
4839,7
4840,6
4841,16
4842,11
4843,10
4844,9
4845,9
4846,14
4847,12
4848,4
4849,9
4850,11
4851,10
4852,13
4853,8
4854,10
4855,8
4856,8
4857,3
4858,8
4859,4
4860,10
4861,8
4862,10
4863,5
4864,11
4865,9
4866,12
4867,9
4868,7
4869,11
4870,8
4871,14
4872,8
4873,9
4874,16
4875,11
4876,12
4877,13
4878,6
4879,14
4880,11
4881,11
4882,8
4883,4
4884,7
4885,13
4886,13
4887,6
4888,11
4889,11
4890,14
4891,10
4892,14
4893,10
4894,7
4895,10
4896,9
4897,13
4898,11
4899,8
4900,5
4901,16
4902,7
4903,12
4904,7
4905,9
4906,9
4907,3
4908,7
4909,14
4910,5
4911,6
4912,13
4913,7
4914,12
4915,9
4916,8
4917,10
4918,10
4920,5
4921,7
4922,15
4923,7
4924,12
4925,11
4926,4
4927,11
4928,5
4929,9
4930,13
4931,9
4932,15
4933,17
4934,6
4935,8
4936,7
4937,7
4938,6
4939,15
4940,10
4941,4
4942,13
4943,6
4944,8
4945,7
4946,6
4947,6
4948,9
4949,6
4950,8
4951,11
4952,5
4953,11
4954,8
4955,5
4956,8
4957,9
4958,5
4959,9
4960,12
4961,8
4962,19
4963,3
4964,12
4965,7
4966,6
4967,3
4968,11
4969,5
4970,9
4971,12
4972,7
4973,4
4974,9
4975,7
4976,8
4977,10
4978,12
4979,8
4980,8
4981,7
4982,9
4983,8
4984,8
4985,11
4986,10
4987,9
4988,5
4989,7
4990,13
4991,5
4992,4
4993,4
4994,15
4995,7
4996,11
4997,15
4998,5
4999,6
5000,9
5001,14
5002,8
5003,13
5004,7
5005,10
5006,10
5007,5
5008,13
5009,6
5010,9
5011,8
5012,9
5013,4
5014,5
5015,10
5016,12
5017,11
5018,4
5019,4
5020,12
5021,13
5022,13
5023,14
5024,10
5025,7
5026,8
5027,6
5028,9
5029,7
5030,9
5031,4
5032,7
5033,4
5034,12
5035,15
5036,4
5037,3
5038,12
5039,10
5040,8
5041,11
5042,10
5043,12
5044,7
5045,6
5046,12
5047,8
5048,10
5049,6
5050,11
5051,4
5052,10
5053,8
5054,7
5055,13
5056,4
5057,5
5058,3
5059,7
5060,5
5061,2
5062,9
5063,8
5064,8
5065,12
5066,7
5067,6
5068,12
5069,2
5070,5
5071,7
5072,7
5073,3
5074,3
5075,6
5076,7
5077,5
5078,10
5079,4
5080,8
5081,10
5082,7
5083,4
5084,12
5085,11
5086,11
5087,12
5088,9
5089,6
5090,6
5091,3
5092,6
5093,3
5094,5
5095,6
5096,7
5097,5
5098,12
5099,7
5100,4
5101,11
5102,11
5103,7
5104,9
5105,5
5106,9
5107,10
5108,12
5109,11
5110,7
5111,3
5112,8
5113,5
5114,7
5115,5
5116,10
5117,8
5118,8
5119,9
5120,7
5121,14
5122,7
5123,13
5124,9
5125,8
5126,7
5127,9
5128,6
5129,3
5130,7
5131,9
5132,5
5133,7
5134,4
5135,9
5136,11
5137,2
5138,11
5139,9
5140,8
5141,6
5142,7
5143,6
5144,13
5145,13
5146,9
5147,4
5148,5
5149,8
5150,4
5151,10
5152,6
5153,6
5154,7
5155,3
5156,3
5157,3
5158,9
5159,12
5160,3
5161,4
5162,11
5163,14
5164,6
5165,7
5166,16
5167,6
5168,13
5169,4
5170,13
5171,3
5172,5
5173,4
5174,9
5175,5
5176,8
5177,8
5178,4
5179,6
5180,12
5181,6
5182,7
5183,9
5184,5
5185,12
5186,12
5187,3
5188,12
5189,9
5190,7
5191,2
5192,6
5193,8
5194,6
5195,8
5196,5
5197,9
5198,7
5199,7
5200,6
5201,6
5202,9
5203,6
5204,12
5205,5
5206,9
5207,5
5208,10
5209,8
5210,6
5211,7
5212,6
5213,7
5214,7
5215,5
5216,7
5217,7
5218,7
5219,4
5220,8
5221,5
5222,6
5223,6
5224,7
5225,7
5226,4
5227,7
5228,5
5229,5
5230,4
5231,3
5232,8
5233,6
5234,6
5235,13
5236,5
5237,6
5238,3
5239,5
5240,5
5241,11
5242,9
5243,11
5244,9
5245,7
5246,9
5247,8
5248,5
5249,7
5250,2
5251,3
5252,4
5253,5
5254,3
5255,5
5256,7
5257,3
5258,6
5259,8
5260,6
5261,7
5262,8
5263,9
5264,5
5265,4
5266,4
5267,10
5268,6
5269,3
5270,10
5271,10
5272,2
5273,3
5274,4
5275,9
5276,9
5277,6
5278,5
5279,5
5280,4
5281,7
5282,9
5283,5
5284,8
5285,10
5286,4
5287,12
5288,5
5289,6
5290,5
5291,2
5292,2
5293,10
5294,5
5295,6
5296,8
5297,5
5298,7
5299,7
5300,8
5301,6
5302,11
5303,3
5304,2
5305,4
5306,6
5307,5
5308,5
5309,8
5310,4
5311,11
5312,2
5313,5
5314,7
5315,3
5316,5
5317,6
5318,9
5319,9
5320,4
5321,8
5322,5
5323,11
5324,8
5325,5
5326,5
5327,4
5328,8
5329,5
5330,3
5331,7
5332,8
5333,2
5334,12
5335,3
5336,6
5337,7
5338,5
5339,3
5340,12
5341,8
5342,10
5343,5
5344,3
5345,9
5346,9
5347,2
5348,6
5349,9
5350,3
5351,8
5352,7
5353,5
5354,3
5355,4
5356,3
5357,7
5358,7
5359,5
5360,5
5361,5
5362,2
5363,5
5364,7
5365,5
5366,3
5367,6
5368,6
5369,3
5370,6
5371,10
5372,11
5373,2
5374,3
5375,6
5376,4
5377,3
5378,4
5380,5
5381,2
5382,3
5383,3
5384,8
5385,6
5386,7
5387,10
5388,8
5389,6
5390,7
5391,3
5392,7
5393,6
5394,3
5395,8
5396,8
5397,7
5398,3
5399,6
5400,6
5401,8
5403,5
5404,6
5405,4
5406,5
5407,6
5408,2
5409,5
5410,5
5411,9
5412,5
5413,3
5414,10
5415,5
5416,6
5417,3
5418,4
5419,6
5420,6
5421,4
5422,10
5423,5
5424,6
5425,6
5426,8
5427,2
5428,7
5429,7
5430,7
5431,5
5432,3
5433,7
5434,5
5435,11
5436,7
5437,10
5438,4
5439,4
5440,4
5441,7
5442,7
5443,4
5444,6
5445,4
5446,8
5447,7
5448,2
5449,5
5450,3
5451,10
5452,6
5453,5
5454,4
5455,6
5456,8
5457,7
5458,4
5459,3
5460,9
5461,8
5462,7
5463,7
5464,2
5465,5
5466,6
5467,9
5468,9
5469,2
5470,7
5471,7
5472,6
5473,4
5474,4
5475,5
5476,3
5477,9
5479,9
5480,9
5481,3
5482,4
5483,5
5484,6
5485,5
5486,8
5487,2
5488,7
5489,4
5490,5
5491,6
5492,5
5493,3
5494,3
5495,4
5497,6
5499,5
5500,10
5501,4
5502,8
5503,9
5504,3
5505,2
5506,5
5507,6
5508,4
5509,5
5510,3
5511,9
5512,4
5513,6
5514,5
5515,2
5516,3
5517,3
5518,6
5519,4
5520,13
5521,7
5522,6
5523,2
5524,4
5525,2
5526,4
5527,4
5528,6
5529,3
5530,8
5531,3
5532,5
5533,2
5534,6
5535,5
5536,3
5537,6
5538,3
5539,4
5540,2
5541,4
5542,5
5543,2
5544,2
5545,4
5546,11
5547,7
5548,3
5549,6
5550,9
5551,8
5552,8
5553,9
5554,4
5555,5
5556,9
5557,6
5558,7
5559,7
5560,6
5561,4
5562,3
5564,6
5565,5
5566,5
5568,2
5569,4
5570,5
5571,5
5572,4
5573,4
5574,6
5575,3
5576,7
5577,7
5578,6
5579,7
5580,4
5581,4
5582,4
5583,10
5584,8
5585,6
5586,4
5587,3
5588,6
5589,5
5590,7
5591,9
5592,3
5593,7
5594,5
5595,7
5596,7
5597,6
5598,3
5599,7
5601,7
5602,8
5603,4
5605,5
5606,6
5607,3
5608,6
5609,2
5610,6
5611,4
5613,5
5614,4
5616,6
5617,5
5618,3
5619,8
5620,2
5621,5
5622,6
5623,5
5624,5
5625,2
5626,8
5627,6
5628,4
5629,3
5630,4
5631,3
5632,3
5633,10
5634,3
5635,4
5636,3
5637,6
5639,3
5640,6
5641,5
5642,3
5643,3
5645,6
5646,3
5647,7
5648,5
5649,4
5650,6
5651,5
5652,5
5653,4
5654,3
5655,6
5656,4
5657,4
5658,2
5659,3
5660,2
5661,2
5662,5
5663,9
5664,5
5665,7
5666,6
5667,5
5668,2
5669,6
5670,8
5671,3
5672,6
5673,2
5674,5
5675,6
5676,5
5677,5
5678,4
5679,5
5680,3
5681,5
5683,6
5685,4
5686,5
5687,8
5688,7
5689,2
5691,5
5692,4
5693,2
5694,4
5695,3
5696,4
5697,6
5698,4
5699,3
5700,4
5701,5
5702,5
5703,7
5704,2
5705,2
5706,6
5707,4
5708,7
5709,5
5710,4
5711,4
5712,3
5713,4
5715,2
5716,3
5717,4
5718,3
5719,7
5720,6
5721,4
5722,4
5723,3
5724,4
5725,2
5726,3
5727,4
5729,5
5730,2
5731,2
5732,4
5733,3
5734,5
5735,6
5736,4
5737,7
5738,3
5739,3
5740,2
5741,5
5742,6
5743,2
5744,5
5745,6
5746,3
5747,5
5748,3
5749,3
5750,4
5751,3
5752,4
5753,7
5755,3
5756,5
5757,5
5758,7
5759,4
5760,4
5761,5
5762,4
5763,2
5764,4
5765,2
5767,4
5768,6
5769,4
5770,4
5771,2
5772,3
5773,5
5774,7
5775,2
5776,3
5777,2
5778,5
5779,6
5780,5
5781,5
5782,3
5783,3
5784,4
5785,2
5786,2
5787,6
5788,7
5789,7
5790,5
5791,4
5792,3
5793,2
5794,4
5795,6
5796,7
5797,6
5798,6
5799,3
5800,2
5801,2
5802,3
5803,7
5805,3
5806,4
5807,2
5808,5
5809,3
5810,3
5811,7
5813,7
5814,9
5815,2
5816,8
5817,4
5818,3
5819,2
5820,7
5821,5
5822,3
5823,3
5824,2
5825,3
5826,6
5827,5
5828,5
5829,5
5830,4
5831,6
5832,3
5833,6
5834,8
5835,2
5836,3
5837,6
5838,6
5839,3
5840,6
5841,9
5842,6
5843,7
5844,6
5845,6
5846,5
5847,6
5848,4
5849,5
5850,5
5851,4
5852,2
5853,9
5854,9
5855,3
5856,3
5857,7
5858,3
5859,8
5860,4
5861,6
5862,3
5863,5
5865,9
5866,7
5867,2
5868,3
5869,4
5871,3
5872,10
5873,3
5874,4
5875,5
5877,2
5878,3
5879,2
5880,3
5881,5
5882,6
5883,3
5884,2
5885,3
5886,3
5887,5
5888,3
5889,4
5890,3
5891,9
5892,7
5893,8
5894,8
5895,3
5896,2
5897,2
5898,5
5901,7
5902,2
5903,5
5904,5
5905,2
5906,5
5907,3
5908,4
5909,5
5910,3
5911,4
5912,7
5913,6
5914,3
5915,3
5916,5
5917,4
5919,3
5920,2
5921,4
5922,4
5924,4
5925,4
5926,2
5927,2
5928,9
5929,7
5930,3
5931,3
5932,4
5933,3
5934,5
5936,6
5937,4
5938,2
5939,5
5940,7
5942,4
5944,3
5945,5
5946,3
5947,3
5948,4
5949,5
5950,3
5951,2
5952,5
5953,2
5954,3
5955,4
5956,5
5957,3
5958,3
5959,2
5960,3
5961,3
5962,6
5964,5
5965,4
5966,3
5967,4
5968,3
5969,5
5970,4
5973,4
5976,4
5977,3
5978,6
5979,2
5980,3
5982,3
5983,3
5984,2
5985,3
5986,2
5987,3
5988,3
5989,6
5991,7
5992,3
5993,6
5995,4
5997,4
5998,4
5999,2
6000,4
6001,2
6002,6
6005,4
6006,2
6007,6
6008,4
6009,7
6010,4
6011,8
6012,4
6013,4
6014,6
6015,3
6016,4
6017,9
6018,8
6019,3
6020,2
6021,2
6022,4
6023,2
6025,7
6026,5
6027,3
6028,2
6029,6
6030,3
6031,9
6032,3
6033,4
6034,4
6035,8
6036,4
6037,2
6038,3
6039,2
6040,5
6041,4
6042,4
6043,4
6046,5
6047,5
6048,4
6049,6
6050,2
6051,7
6052,2
6053,5
6054,9
6055,3
6056,2
6057,5
6058,2
6059,5
6060,3
6061,2
6062,4
6063,3
6066,3
6067,4
6069,5
6070,2
6071,5
6072,5
6073,4
6074,4
6075,8
6076,5
6077,4
6078,2
6079,3
6080,3
6081,2
6082,3
6083,2
6084,3
6085,4
6086,5
6087,5
6088,2
6089,5
6090,2
6091,2
6093,4
6094,2
6096,5
6097,4
6099,5
6100,6
6101,2
6102,3
6104,5
6105,4
6106,2
6107,3
6108,2
6109,4
6110,7
6111,2
6112,7
6113,2
6114,4
6115,2
6116,4
6117,2
6119,2
6120,6
6121,2
6122,2
6123,5
6124,2
6125,3
6126,6
6127,5
6128,5
6129,4
6130,3
6132,5
6133,5
6134,4
6135,3
6136,4
6137,7
6138,5
6139,2
6140,4
6141,4
6142,4
6143,5
6144,4
6145,2
6146,2
6147,5
6148,2
6149,2
6151,4
6152,4
6153,2
6154,4
6155,3
6157,3
6158,4
6159,2
6160,4
6161,2
6162,4
6163,4
6164,3
6165,2
6166,3
6167,5
6169,2
6170,2
6171,3
6172,4
6173,5
6174,4
6175,4
6176,3
6177,6
6178,2
6179,3
6180,2
6181,4
6182,3
6183,2
6184,2
6185,3
6186,6
6187,5
6189,2
6190,6
6191,3
6192,4
6193,2
6194,3
6196,3
6197,8
6198,6
6199,4
6200,4
6201,3
6202,3
6203,4
6204,2
6205,5
6206,3
6207,6
6209,4
6210,7
6211,3
6212,3
6214,4
6215,5
6216,2
6217,7
6218,3
6219,3
6220,6
6221,2
6222,2
6223,3
6224,4
6225,2
6228,3
6229,4
6230,2
6231,4
6232,3
6233,4
6235,5
6236,7
6237,2
6238,4
6239,5
6240,5
6243,2
6244,2
6245,2
6246,2
6247,6
6248,4
6249,3
6250,6
6251,7
6253,3
6254,3
6255,3
6257,2
6258,2
6259,3
6260,5
6261,5
6262,4
6263,4
6264,9
6265,6
6266,2
6267,3
6268,2
6269,5
6271,4
6272,7
6273,4
6274,3
6275,3
6276,3
6277,5
6278,5
6280,5
6281,2
6282,4
6283,2
6284,5
6285,5
6286,4
6288,3
6289,4
6290,6
6291,3
6292,4
6293,4
6294,4
6295,6
6296,2
6297,3
6299,2
6300,3
6301,3
6302,6
6304,2
6305,3
6306,3
6307,4
6308,4
6309,2
6310,4
6311,4
6312,7
6313,6
6315,3
6316,2
6317,5
6318,3
6319,5
6320,4
6321,2
6322,2
6324,4
6325,3
6327,3
6329,5
6330,3
6331,4
6332,3
6333,3
6334,2
6336,3
6337,3
6338,4
6340,3
6342,4
6345,4
6346,2
6348,2
6349,6
6350,2
6352,5
6353,3
6354,3
6355,2
6356,2
6357,6
6358,4
6359,5
6360,3
6362,2
6363,2
6364,3
6366,3
6367,3
6368,2
6369,2
6370,2
6372,5
6374,2
6375,4
6376,2
6377,2
6378,4
6379,2
6380,3
6383,4
6386,2
6387,2
6389,4
6391,3
6392,2
6393,6
6394,2
6397,2
6398,5
6399,2
6401,5
6403,4
6404,5
6405,3
6406,2
6407,3
6409,3
6410,2
6412,2
6413,5
6415,5
6416,2
6417,4
6421,3
6422,2
6424,3
6425,3
6427,2
6428,3
6429,7
6430,2
6431,3
6432,3
6433,2
6436,3
6437,2
6439,3
6440,3
6441,2
6444,2
6445,4
6446,2
6447,4
6448,2
6450,2
6451,4
6453,4
6454,3
6455,2
6456,4
6457,3
6459,3
6461,3
6464,2
6465,3
6466,5
6467,3
6468,2
6471,4
6472,5
6475,2
6476,3
6477,3
6478,5
6483,4
6484,3
6486,2
6488,3
6489,2
6490,2
6491,2
6492,3
6493,3
6494,4
6496,2
6498,3
6500,2
6503,4
6504,2
6506,2
6507,2
6508,2
6509,2
6510,3
6511,2
6513,6
6514,3
6517,3
6518,2
6524,3
6526,3
6527,3
6531,3
6532,5
6535,5
6536,3
6540,2
6541,3
6543,3
6545,3
6546,3
6547,3
6548,2
6549,4
6550,2
6551,2
6552,2
6553,2
6555,3
6556,2
6557,2
6558,2
6560,3
6561,5
6564,3
6566,2
6567,3
6568,2
6569,5
6570,2
6571,4
6572,2
6573,2
6574,4
6575,2
6581,3
6582,3
6584,2
6586,4
6589,2
6590,3
6591,2
6594,2
6595,2
6596,5
6597,3
6598,2
6600,4
6601,2
6602,4
6603,2
6604,2
6605,5
6606,2
6607,4
6611,3
6613,5
6614,2
6615,5
6617,4
6619,4
6620,5
6621,2
6622,2
6623,3
6624,4
6625,2
6626,2
6627,4
6628,2
6630,2
6634,2
6639,4
6640,3
6641,2
6642,4
6644,2
6646,3
6648,2
6652,3
6653,2
6654,5
6655,3
6658,3
6659,3
6661,3
6662,5
6663,2
6666,3
6672,4
6674,2
6676,2
6679,4
6683,3
6684,4
6685,3
6686,3
6687,2
6688,3
6690,3
6691,5
6692,2
6693,3
6695,4
6696,3
6697,4
6698,2
6700,3
6702,2
6703,2
6704,5
6705,2
6707,3
6709,2
6710,3
6711,3
6713,2
6714,3
6716,3
6717,2
6718,3
6722,4
6725,2
6727,2
6729,2
6730,3
6731,2
6732,2
6733,3
6735,3
6736,3
6738,3
6740,3
6742,3
6743,2
6748,3
6750,4
6751,3
6752,2
6757,2
6759,4
6762,2
6763,3
6764,4
6765,2
6766,4
6767,4
6770,2
6771,4
6772,2
6774,2
6776,3
6779,3
6780,2
6781,3
6784,2
6787,3
6788,3
6791,3
6792,3
6793,2
6795,2
6796,3
6797,4
6801,2
6802,2
6803,6
6805,2
6809,2
6810,4
6811,3
6814,2
6817,2
6818,2
6822,6
6823,3
6824,2
6826,4
6827,2
6829,3
6830,3
6836,4
6837,3
6839,2
6841,2
6842,3
6843,4
6845,3
6846,2
6847,2
6848,3
6850,3
6851,2
6853,2
6855,2
6856,2
6857,2
6858,2
6860,3
6861,2
6862,4
6865,2
6866,4
6867,2
6869,3
6870,2
6873,2
6874,3
6875,4
6876,4
6878,3
6879,2
6880,2
6884,3
6885,2
6886,2
6887,5
6888,6
6891,2
6893,2
6894,2
6895,5
6898,3
6903,3
6906,4
6908,2
6909,3
6910,2
6911,3
6913,5
6914,7
6915,2
6916,2
6917,3
6918,2
6919,3
6920,3
6921,2
6924,2
6925,3
6927,2
6928,2
6929,4
6930,6
6932,2
6933,2
6935,2
6937,2
6938,2
6939,2
6942,2
6943,2
6944,2
6947,3
6949,3
6950,4
6952,2
6954,2
6955,2
6956,5
6957,2
6959,2
6960,2
6962,4
6965,2
6966,4
6969,3
6971,2
6972,3
6976,2
6979,2
6981,2
6982,2
6984,3
6988,2
6989,2
6991,2
6992,2
6998,2
7000,3
7001,3
7002,2
7003,4
7004,3
7006,2
7008,4
7012,2
7014,2
7015,3
7016,3
7017,3
7020,2
7021,2
7024,4
7025,2
7026,2
7029,2
7031,2
7033,4
7034,2
7038,3
7039,4
7040,2
7043,2
7045,3
7046,2
7047,2
7052,4
7053,2
7055,2
7056,2
7057,3
7058,4
7059,2
7061,2
7064,3
7065,3
7066,3
7067,3
7069,3
7070,2
7077,5
7080,2
7083,4
7085,2
7086,2
7087,3
7088,3
7089,2
7091,3
7094,2
7096,2
7099,2
7101,3
7105,2
7106,2
7107,2
7110,2
7113,3
7117,4
7120,3
7121,3
7124,2
7130,3
7131,3
7133,3
7137,2
7141,3
7142,2
7143,2
7146,2
7149,4
7151,2
7154,2
7155,2
7156,2
7158,2
7159,3
7161,2
7162,3
7167,2
7169,3
7170,2
7171,2
7172,2
7173,2
7181,2
7182,3
7183,2
7184,3
7185,2
7186,2
7190,3
7191,4
7193,4
7194,2
7196,2
7197,2
7202,2
7203,2
7207,3
7210,4
7213,3
7214,2
7216,2
7217,3
7219,2
7221,2
7222,3
7224,3
7229,2
7231,3
7232,2
7238,4
7240,2
7242,3
7244,2
7247,2
7249,2
7251,2
7253,3
7255,2
7256,2
7264,2
7267,3
7269,2
7271,3
7275,2
7280,2
7283,2
7284,4
7287,3
7291,4
7292,2
7295,2
7299,3
7303,3
7306,2
7311,2
7315,2
7317,2
7318,3
7319,5
7320,4
7328,2
7329,3
7331,2
7332,2
7334,3
7336,2
7338,3
7339,3
7341,4
7344,2
7347,4
7349,2
7350,4
7353,4
7356,2
7357,2
7360,2
7372,2
7375,2
7376,4
7379,3
7381,2
7382,2
7383,4
7384,2
7386,3
7387,4
7390,3
7391,4
7392,2
7396,3
7400,2
7401,2
7403,2
7406,2
7408,2
7410,2
7411,2
7415,2
7416,4
7420,2
7421,4
7422,3
7424,2
7428,2
7431,3
7433,3
7434,3
7441,2
7442,2
7447,2
7451,3
7454,3
7462,2
7466,3
7467,4
7468,7
7469,3
7470,2
7478,2
7479,2
7480,3
7482,2
7486,2
7487,3
7489,2
7493,2
7497,2
7500,4
7502,2
7503,2
7504,2
7505,2
7506,4
7507,2
7510,2
7511,2
7515,2
7516,2
7518,2
7523,5
7526,4
7534,2
7535,2
7537,2
7538,2
7540,2
7541,2
7544,3
7546,3
7548,2
7549,3
7551,3
7552,5
7554,2
7555,4
7564,2
7568,3
7570,2
7572,2
7573,2
7576,3
7578,7
7580,3
7581,2
7582,2
7583,2
7584,3
7587,3
7589,2
7594,3
7598,5
7604,3
7607,2
7609,2
7610,3
7613,3
7616,2
7619,2
7622,2
7624,5
7626,2
7630,6
7641,3
7642,4
7644,3
7645,2
7647,4
7650,3
7653,3
7656,3
7657,2
7662,3
7664,2
7666,2
7671,2
7673,2
7674,2
7675,4
7676,2
7677,2
7682,3
7684,2
7685,2
7687,2
7688,4
7690,2
7692,2
7693,7
7700,2
7701,2
7702,3
7705,3
7706,2
7708,2
7710,2
7711,2
7712,3
7719,2
7720,2
7724,3
7727,2
7728,2
7729,2
7731,2
7734,3
7735,3
7739,2
7740,3
7741,3
7744,4
7750,2
7753,2
7755,2
7760,4
7763,3
7765,2
7769,2
7770,2
7771,2
7773,3
7774,2
7775,3
7776,2
7780,2
7782,4
7784,5
7787,2
7788,2
7790,3
7792,2
7801,2
7802,2
7803,2
7806,3
7810,2
7811,2
7818,3
7819,2
7821,2
7823,3
7824,4
7832,3
7834,2
7839,3
7843,3
7845,2
7848,3
7849,2
7851,2
7854,2
7855,2
7857,2
7862,2
7866,2
7869,2
7875,2
7876,6
7878,2
7879,2
7882,3
7885,3
7887,2
7889,2
7890,2
7891,3
7894,2
7895,3
7896,3
7901,3
7905,2
7911,2
7914,2
7915,2
7918,2
7922,2
7924,2
7925,2
7933,2
7934,5
7937,2
7942,5
7943,5
7945,2
7947,2
7948,3
7952,2
7954,2
7956,2
7961,2
7963,2
7966,2
7968,3
7970,2
7978,2
7981,2
7982,3
7989,2
7993,3
7995,3
7999,2
8006,2
8009,2
8011,2
8014,2
8019,3
8021,3
8024,4
8026,2
8027,2
8028,2
8031,3
8035,2
8047,3
8051,2
8052,5
8053,3
8055,2
8056,4
8057,3
8058,2
8060,3
8067,3
8073,3
8078,2
8080,2
8081,3
8082,3
8090,2
8092,3
8095,3
8097,2
8104,3
8110,3
8113,2
8119,2
8123,2
8125,5
8126,2
8128,2
8130,2
8131,4
8136,4
8142,3
8147,2
8151,3
8153,3
8157,2
8160,2
8164,2
8165,2
8166,2
8169,2
8173,2
8174,2
8175,2
8176,3
8184,4
8189,2
8199,2
8202,2
8206,3
8207,2
8213,3
8215,2
8217,3
8225,2
8227,2
8229,3
8235,2
8237,2
8240,2
8245,2
8246,2
8247,2
8255,2
8256,2
8263,3
8264,2
8265,2
8267,2
8273,3
8277,2
8278,2
8281,3
8285,3
8287,2
8291,4
8294,2
8296,2
8301,2
8307,2
8308,6
8310,3
8313,2
8315,2
8316,2
8319,2
8322,2
8324,2
8327,2
8329,2
8331,2
8333,4
8335,4
8339,2
8346,2
8347,2
8348,2
8353,2
8355,2
8359,2
8360,2
8361,2
8362,2
8372,3
8373,2
8378,2
8379,2
8383,3
8385,3
8386,2
8391,2
8392,2
8393,3
8400,5
8403,2
8405,2
8411,2
8412,2
8414,2
8423,2
8436,2
8451,4
8452,3
8469,3
8475,2
8478,2
8482,2
8487,2
8489,2
8490,3
8494,2
8505,3
8512,4
8516,3
8517,2
8527,2
8531,3
8544,4
8548,2
8552,2
8556,3
8557,2
8559,2
8561,2
8562,2
8564,2
8571,2
8580,2
8584,2
8591,2
8594,2
8595,2
8599,3
8617,2
8619,3
8620,2
8623,4
8626,4
8628,2
8632,2
8635,2
8637,3
8638,2
8643,2
8647,2
8652,2
8653,3
8656,2
8657,3
8666,2
8669,3
8671,2
8679,2
8683,3
8684,2
8686,2
8696,2
8698,2
8701,2
8705,2
8717,2
8718,2
8721,2
8724,2
8726,2
8735,3
8737,5
8741,3
8744,2
8750,2
8751,2
8755,2
8761,2
8763,3
8776,4
8780,2
8782,2
8788,2
8797,2
8810,2
8811,2
8816,3
8822,4
8825,2
8828,6
8829,3
8834,2
8848,2
8858,3
8862,2
8866,2
8868,3
8874,2
8875,2
8877,2
8902,3
8910,2
8914,3
8918,2
8920,2
8925,2
8930,2
8932,2
8934,2
8938,4
8939,2
8940,2
8947,2
8952,2
8955,2
8956,2
8958,2
8959,4
8963,3
8964,3
8978,2
8979,3
8985,2
8990,3
8991,4
8995,2
9023,2
9025,3
9037,2
9040,4
9041,2
9044,2
9047,2
9048,3
9049,2
9060,2
9064,2
9068,2
9072,2
9073,2
9074,2
9076,2
9080,3
9085,2
9095,3
9096,3
9097,3
9099,2
9102,3
9103,4
9107,2
9114,2
9115,3
9116,2
9119,2
9128,2
9132,2
9133,2
9138,2
9143,2
9147,2
9153,2
9159,2
9167,3
9170,3
9171,2
9175,2
9179,2
9180,3
9185,2
9186,2
9187,2
9191,4
9196,2
9197,2
9202,2
9206,3
9208,4
9210,2
9227,2
9247,3
9253,3
9270,2
9271,2
9272,2
9275,2
9277,2
9284,2
9302,3
9312,2
9313,3
9315,2
9316,2
9321,2
9323,2
9345,2
9346,2
9349,3
9352,2
9353,3
9373,2
9380,2
9383,2
9387,2
9390,2
9393,2
9394,2
9397,2
9399,2
9409,3
9418,4
9420,2
9425,2
9431,2
9432,2
9435,2
9439,3
9441,2
9446,2
9453,3
9454,3
9458,2
9466,2
9467,2
9481,3
9492,2
9493,3
9495,2
9498,2
9508,3
9510,2
9520,2
9527,3
9528,2
9530,2
9545,2
9551,2
9565,3
9582,2
9583,3
9589,3
9597,2
9600,2
9604,2
9607,3
9631,3
9634,2
9656,2
9666,3
9669,2
9678,2
9683,2
9687,2
9689,3
9696,2
9699,2
9702,2
9709,2
9720,2
9726,2
9731,2
9745,2
9751,2
9763,2
9783,2
9784,2
9786,2
9796,2
9797,2
9804,2
9819,2
9839,2
9840,2
9844,2
9849,2
9850,3
9856,2
9857,2
9858,2
9861,2
9868,3
9870,2
9876,2
9884,2
9891,2
9913,2
9917,2
9918,2
9928,2
9938,2
9939,4
9941,3
9943,4
9947,3
9948,2
9954,2
9956,2
9960,3
9962,2
9987,5
9988,2
9989,2
9991,2
9994,2
9995,2
10005,2
10008,3
10021,2
10024,3
10025,3
10027,2
10028,3
10029,2
10031,2
10033,2
10034,2
10041,2
10045,2
10054,2
10061,2
10069,3
10075,2
10082,2
10092,2
10093,2
10094,2
10100,2
10101,2
10109,3
10119,2
10131,2
10132,2
10137,2
10151,2
10159,2
10161,2
10171,2
10172,2
10174,2
10187,2
10191,3
10192,2
10196,2
10198,2
10201,2
10205,2
10208,2
10223,2
10224,3
10228,2
10231,2
10240,2
10242,3
10245,3
10275,3
10287,2
10294,3
10297,2
10299,2
10300,2
10319,3
10324,2
10334,4
10348,2
10349,2
10354,3
10356,2
10371,3
10383,2
10384,2
10386,2
10387,2
10389,2
10392,2
10398,2
10400,2
10405,2
10409,2
10412,2
10418,2
10420,3
10421,3
10427,3
10428,2
10429,2
10439,2
10440,2
10445,4
10447,4
10449,4
10450,5
10456,3
10457,2
10458,7
10460,5
10461,4
10462,6
10464,5
10465,3
10466,3
10468,4
10469,4
10470,2
10472,3
10473,8
10475,2
10476,3
10477,3
10478,3
10479,6
10481,4
10482,8
10483,2
10484,5
10485,2
10486,3
10487,4
10488,3
10489,2
10490,7
10491,5
10492,3
10493,5
10494,3
10495,3
10496,3
10497,2
10498,2
10499,10
10500,7
10502,5
10503,9
10504,4
10505,5
10506,5
10507,4
10508,13
10509,4
10510,2
10511,7
10512,5
10513,7
10514,6
10515,8
10516,5
10517,6
10518,7
10519,7
10520,5
10521,8
10522,7
10523,6
10524,5
10525,9
10526,16
10527,8
10528,6
10529,4
10530,4
10531,10
10532,9
10533,6
10534,10
10535,10
10536,5
10537,9
10538,10
10539,13
10540,8
10541,11
10542,4
10543,4
10544,10
10545,14
10546,6
10547,12
10548,7
10549,5
10550,7
10551,8
10552,16
10553,7
10554,11
10555,8
10556,8
10557,7
10558,9
10559,10
10560,13
10561,9
10562,10
10563,5
10564,8
10565,5
10566,8
10567,5
10568,6
10569,13
10570,9
10571,7
10572,9
10573,2
10574,5
10575,15
10576,9
10577,5
10578,6
10579,6
10580,3
10581,10
10582,10
10583,8
10584,10
10585,15
10586,11
10587,9
10588,5
10589,10
10590,11
10591,8
10592,11
10593,9
10594,7
10595,9
10596,12
10597,14
10598,5
10599,6
10600,8
10601,6
10602,6
10603,6
10604,9
10605,8
10606,8
10607,9
10608,7
10609,8
10610,6
10611,6
10612,12
10613,9
10614,3
10615,9
10616,6
10617,9
10618,10
10619,9
10620,4
10621,9
10622,6
10623,8
10624,4
10625,4
10626,3
10628,7
10629,8
10630,10
10631,6
10632,5
10633,11
10634,7
10635,5
10636,5
10637,7
10638,5
10639,9
10640,3
10641,8
10642,6
10643,2
10644,4
10645,7
10646,8
10647,4
10648,7
10649,8
10650,4
10651,4
10652,9
10653,5
10654,6
10655,9
10656,8
10657,7
10658,4
10659,7
10660,8
10661,5
10662,8
10663,9
10664,10
10665,2
10666,4
10667,4
10668,7
10669,8
10670,12
10671,7
10672,3
10673,9
10674,7
10675,7
10676,8
10677,7
10678,2
10679,7
10680,4
10681,4
10682,6
10683,6
10684,8
10685,3
10686,6
10687,6
10688,5
10689,9
10690,4
10691,4
10692,3
10693,3
10694,3
10695,5
10696,3
10697,7
10698,3
10699,2
10700,4
10701,5
10702,2
10703,6
10704,4
10705,3
10707,2
10708,2
10709,5
10710,3
10711,3
10712,2
10714,2
10715,2
10716,4
10717,2
10718,10
10719,3
10720,4
10721,9
10722,3
10723,6
10724,2
10726,4
10727,2
10728,4
10729,2
10730,2
10732,7
10734,4
10738,5
10739,3
10740,3
10741,4
10742,3
10743,6
10744,3
10746,6
10747,3
10749,2
10750,2
10751,4
10752,3
10753,2
10754,3
10755,5
10756,4
10758,4
10759,2
10761,4
10762,4
10763,2
10764,2
10765,2
10767,3
10768,4
10773,2
10775,2
10776,3
10777,4
10778,2
10779,3
10781,2
10784,3
10786,3
10788,4
10791,2
10795,2
10797,4
10798,3
10799,4
10802,2
10804,5
10805,3
10807,5
10808,2
10810,4
10814,4
10816,3
10817,2
10818,3
10819,4
10821,2
10822,3
10823,2
10830,3
10831,2
10833,3
10835,2
10836,2
10838,2
10841,2
10842,2
10845,2
10848,2
10849,2
10854,2
10855,2
10856,2
10861,3
10862,2
10870,2
10894,2
10895,2
10896,2
10903,3
10905,2
10911,2
10912,2
10915,3
10917,2
10919,2
10921,2
10924,3
10925,2
10928,3
10930,2
10932,2
10939,2
10941,2
10944,3
10945,2
10947,3
10949,2
10950,2
10954,4
10958,2
10965,2
10966,2
10968,2
10969,3
10979,2
10985,2
10986,2
10991,2
10992,3
10999,2
11013,2
11018,2
11022,2
11030,2
11034,2
11037,2
11043,3
11056,2
11058,2
11060,2
11066,2
11076,2
11089,2
11091,2
11092,2
11094,2
11095,2
11096,3
11098,3
11100,4
11111,2
11119,2
11131,2
11132,3
11135,2
11140,3
11143,2
11147,2
11148,3
11155,2
11156,2
11167,3
11171,2
11172,2
11174,2
11177,3
11180,2
11186,2
11188,3
11191,2
11192,3
11198,2
11200,2
11203,2
11206,3
11208,2
11211,2
11213,3
11220,2
11223,3
11225,2
11229,2
11231,2
11235,3
11239,3
11241,2
11242,2
11250,3
11256,2
11264,3
11268,3
11282,2
11283,2
11285,2
11287,2
11300,2
11316,3
11319,2
11329,2
11335,2
11352,2
11354,3
11371,2
11372,2
11375,2
11379,2
11380,2
11382,3
11383,2
11390,2
11398,2
11400,3
11404,2
11413,2
11416,2
11424,2
11426,2
11427,4
11430,2
11432,2
11440,2
11453,2
11456,2
11465,2
11476,2
11486,2
11503,2
11506,2
11510,2
11521,2
11529,5
11530,2
11548,2
11553,2
11571,2
11580,2
11588,2
11592,2
11596,3
11607,2
11625,3
11638,2
11648,2
11674,2
11689,2
11697,2
11700,2
11736,2
11749,2
11765,2
11788,2
11833,2
11872,2
11901,2
11952,2
11990,2
12026,3
12045,2
12102,2
12155,2
12171,2
12180,2
12203,2
12207,2
12238,2
12287,2
12297,2
12307,2
12311,2
12347,2
12354,2
12406,2
12426,3
12516,3
12558,2
12590,2
12611,3
12633,3
12641,2
12706,2
12753,2
12782,2
12812,2
12869,2
12888,2
12895,2
12994,2
12998,2
13001,2
13003,2
13014,2
13020,2
13028,2
13062,2
13089,2
13101,2
13137,2
13168,2
13290,2
13292,2
13339,2
13347,2
13357,2
13379,2
13470,2
13473,2
13490,2
13495,2
13519,3
13539,3
13569,2
13585,2
13595,2
13601,2
13613,2
13648,2
13662,3
13665,2
13676,2
13681,2
13691,2
13712,2
13749,2
13755,2
13764,2
13832,2
13834,3
13837,2
13847,2
13853,2
13865,2
13879,2
13895,2
13897,2
13918,2
13986,2
14074,2
14085,2
14129,2
14176,2
14180,2
14193,2
14211,2
14223,2
14247,3
14255,2
14283,2
14335,2
14338,2
14358,2
14394,2
14457,2
14645,2
14674,2
14721,2
14727,2
14747,4
14762,2
14821,2
14869,2
14887,2
14911,2
14947,2
14955,2
15032,2
15096,2
15121,2
15124,5
15142,3
15163,2
15178,2
15187,2
15196,2
15272,2
15297,2
15325,2
15331,2
15382,2
15387,3
15484,2
15487,2
15575,2
15579,2
15645,2
15725,2
15729,2
15769,2
15789,2
16095,2
16250,2
16337,2
16384,3
16391,2
16412,2
16439,2
16613,2
16712,2
16869,2
17040,2
17121,2
17492,3
17540,2
17911,2
17974,2
17976,2
18160,2
18185,2
18320,2
19098,2
19128,2
19154,2
19157,2
19354,2
19369,2
19456,2
19490,2
20130,2
20281,2
20316,2
20373,2
20503,2
20564,3
20570,2
20571,2
20607,2
20740,2
20921,2
21099,2
21162,2
21194,2
21201,2
21213,2
21215,2
21221,3
21238,2
21262,2
21288,2
21470,2
21484,2
21489,2
21546,2
21554,2
21609,2
21614,2
21640,2
21657,2
21660,2
21673,2
21696,2
21698,2
21702,2
21706,2
21708,2
21720,2
21726,3
21728,2
21729,2
21732,2
21735,5
21736,4
21748,2
21749,4
21758,2
21759,4
21760,2
21761,2
21764,2
21765,2
21766,2
21768,3
21769,3
21770,3
21775,3
21776,2
21780,2
21781,2
21782,4
21783,3
21784,2
21786,2
21789,2
21791,2
21793,3
21795,4
21800,3
21801,3
21806,2
21809,2
21811,2
21812,2
21815,2
21819,2
21821,3
21825,2
21828,3
21829,2
21830,3
21833,4
21835,4
21836,5
21838,2
21840,2
21841,2
21842,3
21843,2
21845,2
21848,2
21852,3
21854,3
21855,2
21858,2
21867,3
21869,2
21874,2
21876,2
21881,2
21892,2
21894,2
21912,3
21921,2
21930,2
21950,2
21963,2
21969,4
21988,2
22004,2
22076,3
22091,2
22122,3
22139,2
22147,2
22148,2
22155,3
22164,3
22230,2
22234,2
22279,2
22308,2
22313,2
22336,2
22351,2
22371,2
22380,2
22405,2
22432,3
22460,2
22471,2
22476,2
22489,3
22490,2
22502,3
22516,2
22520,2
22526,3
22527,2
22532,2
22533,2
22535,2
22539,2
22555,2
22560,2
22561,3
22562,2
22563,2
22565,2
22567,2
22572,2
22573,2
22579,4
22583,2
22585,4
22591,5
22593,2
22594,3
22598,3
22599,3
22600,3
22601,2
22603,5
22608,3
22609,2
22610,4
22611,2
22612,3
22613,3
22616,2
22617,3
22618,2
22620,2
22621,6
22627,2
22629,4
22630,2
22632,2
22636,2
22638,5
22641,3
22643,3
22654,2
22656,2
22662,3
22674,2
22681,2
22690,2
22700,2
22726,2
22728,2
22750,2
22756,2
22758,2
22761,3
22764,2
22772,2
22779,2
22798,2
22801,2
22807,3
22830,2
22860,2
22893,2
22894,2
22899,3
22909,2
22913,2
22915,2
22916,2
22919,5
22920,2
22921,2
22924,2
22925,2
22926,3
22929,2
22931,3
22932,2
22933,4
22935,2
22936,3
22938,2
22939,2
22943,3
22945,2
22946,3
22949,3
22952,3
22953,2
22955,4
22957,2
22958,4
22960,4
22961,6
22963,4
22964,4
22965,3
22967,4
22969,3
22970,4
22971,3
22972,2
22973,3
22974,4
22975,5
22976,2
22977,3
22978,4
22979,7
22981,2
22982,6
22983,2
22984,3
22985,4
22986,3
22987,5
22988,3
22989,5
22990,6
22991,2
22992,2
22994,2
22996,2
22997,2
22998,5
22999,5
23000,4
23003,4
23004,7
23005,2
23006,3
23010,6
23012,2
23013,2
23015,3
23016,6
23017,2
23019,2
23020,5
23021,4
23023,5
23024,5
23025,3
23027,5
23028,3
23029,4
23030,3
23031,3
23032,3
23033,3
23035,4
23037,3
23038,4
23039,6
23040,3
23041,3
23045,3
23046,3
23053,4
23054,3
23057,3
23058,3
23059,2
23060,2
23061,2
23063,4
23064,2
23065,2
23066,2
23071,3
23075,2
23077,4
23081,2
23082,3
23087,3
23090,5
23091,2
23092,2
23094,3
23101,2
23104,3
23106,2
23114,2
23118,4
23120,3
23121,3
23127,2
23133,2
23134,2
23135,2
23149,3
23152,3
23162,2
23171,2
23183,4
23190,2
23193,2
23207,3
23211,4
23217,2
23221,2
23223,2
23224,2
23228,2
23238,2
23249,2
23257,2
23263,2
23267,2
23277,2
23278,2
23300,2
23307,2
23325,2
23404,2
23406,2
23409,2
23428,2
23439,2
23445,2
23452,2
23469,2
23486,3
23503,3
23513,2
23542,3
23543,3
23545,2
23548,2
23554,2
23557,2
23568,2
23570,2
23571,2
23572,2
23576,2
23578,3
23581,2
23592,3
23604,2
23607,4
23609,2
23618,4
23624,3
23625,2
23629,2
23630,2
23631,2
23632,2
23642,3
23646,2
23647,2
23661,3
23663,2
23665,2
23673,2
23700,2
23703,3
23705,2
23713,3
23715,2
23724,2
23725,2
23729,2
23732,2
23735,2
23746,2
23762,2
23773,2
23784,2
23814,3
23818,2
23852,2
23857,2
23859,2
23876,2
23915,2
24142,2
24146,2
24181,2
24199,2
24228,3
24233,2
24249,3
24250,2
24252,3
24258,4
24273,2
24290,2
24354,2
24440,2
24472,2
24600,2
24735,2
24897,2
24998,2
25030,2
25271,2
25377,2
25378,2
25485,4
25493,2
25525,2
25527,2
25543,2
25548,2
25583,2
25603,2
26053,2
26169,2
26170,2
26381,2
26693,2
28304,2
37026,2
88107,2
116730,2
128700,2
